Authority Name,uprn_url,URL,pcd1,pcd2,pcd3
Aberdeen City Council,,https://integration.aberdeencity.gov.uk/service/Household_Waste_collection_Calendar,AB1 6HU,AB1 6PW,AB1 1JW
Aberdeenshire Council,https://online.aberdeenshire.gov.uk/Apps/Waste-Collections/Routes/Route/{user_uprn},https://online.aberdeenshire.gov.uk/Apps/Waste-Collections/,AB301ZU,AB418TA,AB435RU
Adur District Council,,https://www.adur-worthing.gov.uk/bin-day/,BN999HQ,BN999HU,BN436GP
Amber Valley Borough Council,https://info.ambervalley.gov.uk/WebServices/AVBCFeeds/WasteCollectionJSON.asmx/GetCollectionDetailsByUPRN?uprn={user_uprn},https://www.ambervalley.gov.uk/rubbish-waste-and-recycling,DE5 7LJ,DE557YZ,DE560EB
Angus Council,,https://www.angus.gov.uk/bins_and_recycling/bin_collection_days,DD8 4EJ,DD115TD,DD115EX
Antrim and Newtownabbey Borough Council,,http://www.antrimandnewtownabbey.gov.uk/Residents/Waste-Recycling/Antrim-Bin-Checker,BT413TD,BT365EU,BT365AW
Ards and North Down Borough Council,,http://www.ardsandnorthdown.gov.uk/resident/bins-and-recycling/bin-collection-dates,BT234ZN,BT221TA,BT222EA
Argyll and Bute Council,,https://www.argyll-bute.gov.uk/planning-and-environment/bin-collection,PA696ET,PA437LF,G84 8EP
"Armagh City, Banbridge and Craigavon Borough Council",https://www.armaghbanbridgecraigavon.gov.uk/resident/binday-result/?address={user_uprn},https://www.armaghbanbridgecraigavon.gov.uk/resident/when-is-my-bin-day/,BT602NE,BT601JW,BT667AG
Arun District Council,,http://www.arun.gov.uk/main.cfm?type=REFUSECOLLECTIONSE,BN177FS,BN163TZ,BN189AH
Ashfield District Council,,https://www.ashfield.gov.uk/residents/waste-and-recycling/,NG166BL,NG172JQ,NG166EG
Ashford Borough Council,,http://www.ashford.gov.uk/waste,TN240EB,TN307DL,TN233SS
Babergh District Council,,http://www.babergh.gov.uk/waste-services/collection-days/,IP8 3PH,CO100PA,CO102DH
Barnsley Metropolitan Borough Council,,https://www.barnsley.gov.uk/pid524,S70 5RD,S70 4LE,S75 6EU
Basildon Borough Council,,http://www3.basildon.gov.uk/website2/postcodes.nsf/frmMyBasildon?openform,SS156DS,SS166UQ,SS129LP
Basingstoke and Deane Borough Council,,http://www.basingstoke.gov.uk/bincollections,RG244DL,RG218AZ,RG158SP
Bassetlaw District Council,,https://www.bassetlaw.gov.uk/recycling-and-waste/bin-collection-days,NG220PZ,S80 2RQ,S80 2LL
Bath and North East Somerset Council,https://www.bathnes.gov.uk/webapi/api/BinsAPI/v2/getbartecroute/{user_uprn}/true,https://www.bathnes.gov.uk/rubbish-and-recycling,BA2 7BL,BA1 3YQ,BA1 1SU
Bedford Borough Council,https://bbaz-as-prod-bartecapi.azurewebsites.net/api/bincollections/residential/getbyuprn/{user_uprn}/35,https://apps.bedford.gov.uk/bcs/search.aspx,MK453AL,MK453YZ,MK404SR
Belfast City Council,,http://www.belfastcity.gov.uk/bins-recycling/bins/bincollections.aspx,BT1 3LA,BT100LJ,BT1 5GJ
Birmingham City Council,,https://www.birmingham.gov.uk/info/20009/rubbish_and_recycling,B29 6LB,B31 2FL,B2  5PA
Blaby District Council,https://my.blaby.gov.uk/set-location.php?ref={user_uprn}&redirect=collections,http://my.blaby.gov.uk/collections,LE194WZ,LE9 6LL,LE9 7TB
Blackburn with Darwen Borough Council,https://mybins.blackburn.gov.uk/api/mybins/getbincollectiondays?uprn={uprn}&month={current_month},https://www.blackburn.gov.uk/waste-and-recycling/bins,BB1 6HL,BB3 2RX,BB2 3TX
Blackpool Borough Council,,http://www.blackpool.gov.uk/Residents/Waste-and-recycling/Bin-collections/Bin-collections.aspx,FY4 4WH,FY2 0NQ,FY4 3BA
Blaenau Gwent County Borough Council,,https://www.blaenau-gwent.gov.uk/en/resident/waste-recycling/,NP3 3BY,NP235DF,NP234AF
Bolsover District Council,,https://www.bolsover.gov.uk/index.php?option=com_content&view=article&id=139,DE5 5PS,DE552HZ,NG198SX
Bolton Metropolitan Borough Council,,https://www.bolton.gov.uk/next-bin-collection,BL3 6BS,BL1 8JT,BL4 9QL
Borough Council of Kings Lynn and West Norfolk,,https://www.west-norfolk.gov.uk/info/20174/bins_and_recycling_collection_dates,PE343EY,PE303YF,PE309FB
Borough of Broxbourne,,https://ex.broxbourne.gov.uk/resident-recycling-and-waste-recycling/collection-dates-and-recycling-centres,EN110BZ,EN8 1RN,EN107PZ
Boston Borough Council,,https://www.mybostonuk.com/find-your-bin-day/,PE216HD,PE218ED,PE218HX
"Bournemouth, Christchurch and Poole Council",,https://www.bcpcouncil.gov.uk/bins-waste-and-recycling/household-bins,BH3 7ZL,BH8 8ZR,BH239FL
Bracknell Forest Council,,https://www.bracknell-forest.gov.uk/bins-and-recycling/find-your-collection-day,RG426BP,RG122UB,RG457AG
Braintree District Council,,https://www.braintree.gov.uk/forms/form/283/en/calendar_request_form,CO9 2TT,CM7 6AD,CO9 9AW
Breckland Council,,http://www.breckland.gov.uk/rubbish,NR171EY,NR171HQ,PE377FD
Brentwood Borough Council,,http://www.brentwood.gov.uk/index.php?cid=2715,CM4 9DT,CM131SR,CM4 0YB
Bridgend County Borough Council,,https://www.bridgend.gov.uk/residents/recycling-waste-and-environment/refuse-collections/,CF314EF,CF320EA,CF365HH
Brighton and Hove City Council,,https://www.brighton-hove.gov.uk/node/321871,BN2 3HE,BN3 8BG,BN508GE
Bristol City Council,,http://www.bristol.gov.uk/bins,BS162QA,BS138EB,BS1 5SS
Broadland District Council,,https://www.southnorfolkandbroadland.gov.uk/rubbish/find-bin-collection-day,NR136TP,NR2 4TR,NR134PR
Bromsgrove District Council,https://bincollections.bromsgrove.gov.uk/BinCollections/Details?uprn={user_uprn},http://www.bromsgrove.gov.uk/my-place/bins-and-recycling.aspx,B60 1LZ,B60 9HQ,DY9 9TT
Broxtowe Borough Council,,https://www.broxtowe.gov.uk/for-you/waste-and-recycling/,NG9 9PF,NG162TE,NG9 7HJ
Buckinghamshire Council,,https://www.buckinghamshire.gov.uk/waste-and-recycling/household-bins-and-recycling/,HP217XG,HP5 1EW,HP135DZ
Burnley Borough Council,,https://www.burnley.gov.uk/residents/streetscene/recycling-and-waste,BB102SB,BB126QA,BB114WY
Bury Metropolitan Borough Council,"https://www.bury.gov.uk/app-services/getPropertyById?id={addr.get(""id"")};https://www.bury.gov.uk/app-services/getProperties?postcode={postcode.replace("" "", """")}",http://www.bury.gov.uk/index.aspx?articleid=10493,M25 6WJ,M26 0TR,BL8 9DW
Caerphilly County Borough Council,,http://www.caerphilly.gov.uk/site.aspx?s=ZIyINmF1JYMpiIuezYGXDQ==,CF833BL,CF8 1DW,CF818SR
Calderdale Metropolitan Borough Council,,https://www.calderdale.gov.uk/environment/waste/household-collections/collectiondayfinder.jsp,HX7 8PF,HX3 7EB,HX3 8JW
Cambridge City Council,https://servicelayer3c.azure-api.net/wastecalendar/collection/search/{user_uprn}/?authority=CCC/?numberOfCollections=255,https://www.cambridge.gov.uk/check-when-your-bin-will-be-emptied,CB3 9AF,CB1 0SH,CB3 1BJ
Cannock Chase District Council,,http://www.cannockchasedc.gov.uk/residents/waste-collection-check-your-dates,WS152PN,WS124FA,WS112AP
Canterbury City Council,,https://www.canterbury.gov.uk/bin-collections,CT1 3TQ,CT2 0PH,CT5 3QL
Carmarthenshire County Council,https://www.carmarthenshire.gov.wales/umbraco/Surface/SurfaceRecycling/Index/?uprn={user_uprn}&lang=en-GB,https://www.carmarthenshire.gov.wales/home/council-services/recycling-bins-and-litter/recycling-bin-collections/#.WwVmKdMvxTY,SA313NB,SA182FG,SA147DL
Castle Point Borough Council,,http://www.castlepoint.gov.uk/main.cfm?MenuId=11462,SS7 3BJ,SS7 5QG,SS8 9QT
Causeway Coast and Glens Borough Council,,https://www.causewaycoastandglens.gov.uk/live/bins-and-recycling/recycling/blue-bin-recycling-calendars-1,BT546RU,BT557DA,BT557LB
Central Bedfordshire Council,,http://www.centralbedfordshire.gov.uk/waste/bins/collection-day.aspx,LU7 2FG,LU6 3ZP,LU7 9XY
Ceredigion County Council,,https://www.ceredigion.gov.uk/English/Resident/Bins-Recycling/Recycling-Bin-Collection-Dates/Pages/default.aspx,SY235JS,SA460AZ,SY231JH
Charnwood Borough Council,https://my.charnwood.gov.uk/location?put=cbc{user_uprn}&rememberme=0&redirect=%2F,http://my.charnwood.gov.uk/recycling,LE7 3BN,LE4 3LL,LE113ZG
Chelmsford City Council,,https://www.chelmsford.gov.uk/bins-and-recycling/check-your-collection-day/,CM2 6TB,CM1 6DA,CM1 5LX
Cheltenham Borough Council,,http://www.cheltenham.gov.uk/recycling,GL545ZD,GL538JX,GL510HG
Cherwell District Council,https://www.cherwell.gov.uk/homepage/129/bin-collection-search?uprn={user_uprn},https://www.cherwell.gov.uk/info/10/rubbish-and-recycling,OX252SQ,OX5 3LY,OX5 9FU
Cheshire East Council,https://online.cheshireeast.gov.uk/MyCollectionDay/SearchByAjax/GetBartecJobList?uprn={user_uprn},http://online.cheshireeast.gov.uk/MyCollectionDay/,CW2 8FP,WA168UE,CW1 4BZ
Cheshire West and Chester Council,,http://www.cheshirewestandchester.gov.uk/default.aspx?page=13582,CH658JJ,CW7 1JX,CH645TH
Chesterfield Borough Council,,http://www.chesterfield.gov.uk/Bin-Collection-Dates-952.html,S40 1SG,S40 4QJ,S43 9BN
Chichester District Council,,http://www.chichester.gov.uk/wastecollectioncalendar,PO199RY,GU273JE,RH201HY
Chorley Council,,https://myaccount.chorley.gov.uk/MyChorley.aspx,L40 2RT,PR6 8TS,PR255UL
City and County of Swansea Council,,https://www.swansea.gov.uk/recycling,SA4 4NU,SA3 1JJ,SA4 2ZQ
City of Bradford Metropolitan District Council,,https://www.bradford.gov.uk/recycling-and-waste/bin-collections/check-your-bin-collection-dates/,BD133DG,BD8 8LQ,BD4 0LE
City of Cardiff Council,,http://www.cardiff.gov.uk/ENG/resident/Rubbish-and-recycling/When-are-my-bins-collected/Pages/default.aspx,CF111DW,CF1 2XP,CF4 5NR
City of Edinburgh Council,,http://www.edinburgh.gov.uk/recycling,EH4 4HU,EH177AE,EH9 1BH
City of Lincoln Council,,https://www.lincoln.gov.uk/bins-recycling,LN1 3UQ,LN2 4HJ,LN5 8QT
City of London Corporation,,http://www.cityoflondon.gov.uk/services/environment-and-planning/waste-and-recycling/household-waste-and-recycling/Pages/household-recycling.aspx,EC1N2QP,EC4Y0HA,EC1N6SB
City of Westminster,,http://cleanstreets.westminster.gov.uk/,W1A 6XE,W1H 7EG,SW1Y6XF
City of Wolverhampton Council,https://www.wolverhampton.gov.uk/find-my-nearest/{user_postcode}/{user_uprn},http://www.wolverhampton.gov.uk/bincollections,WV109PS,WV100QP,WV4 6YF
City of York Council,,https://www.york.gov.uk/WasteCollectionCalendar,YO233XW,YO1 2ZH,YO317EL
Clackmannanshire Council,,http://www.clacks.gov.uk/environment/wastecollection/,FK109ST,FK102ED,FK101YH
Colchester Borough Council,,https://www.colchester.gov.uk/check-my-collection-day/#ValidationSummaryEntityFormView,CO3 9FT,CO4 6DG,CO2 0DG
Comhairle nan Eilean Siar,,https://cne-siar.gov.uk/popular-tasks/bins-and-recycling/,HS8 5RH,PA869DW,HS2 9JD
Conwy County Borough Council,https://www.conwy.gov.uk/Contensis-Forms/erf/collection-result-soap-xmas2025.asp?ilangid=1&uprn={user_uprn},http://www.conwy.gov.uk/en/Resident/Recycling-and-Waste/Recycling-and-Waste.aspx,LL296EE,LL298LQ,LL346YB
Cornwall Council,,http://www.cornwall.gov.uk/my-area,PL126XE,TR189ZZ,TR1 1PJ
Cotswold District Council,,https://www.cotswold.gov.uk/bins-and-recycling/check-your-collection-day/,GL7 5RP,GL7 3FF,GL7 6GR
Council of the Isles of Scilly,,http://www.scilly.gov.uk/waste,TR210JR,TR210LH,TR240QA
Coventry City Council,,https://www.coventry.gov.uk/rubbish-recycling/household-bins,CV2 4BZ,CV4 9BQ,CV2 4SN
Crawley Borough Council,,https://crawley.gov.uk/waste-and-recycling/household-collections/collection-days,RH100JQ,RH101TR,RH118EF
Dacorum Borough Council,,http://www.dacorum.gov.uk/home/environment-street-care/recycling-refuse-waste/household-waste-recycling/your-waste-collection-calendar,HP234JA,HP235PT,HP1 1PT
Darlington Borough Council,,http://www.darlington.gov.uk/environment-and-planning/street-scene/revised-weekly-collection-lookup/,TS211EY,DL3 0DY,DL3 6AP
Dartford Borough Council,https://windmz.dartford.gov.uk/ufs/WS_CHECK_COLLECTIONS.eb?UPRN={user_uprn},http://www.dartford.gov.uk/refuse,DA139NB,DA3 7LD,DA1 2DN
Denbighshire County Council,https://refusecalendarapi.denbighshire.gov.uk/Calendar/{user_uprn},https://www.denbighshire.gov.uk/en/bins-and-recycling/bins-recycling.aspx,LL152SY,CH7 5SW,LL151YG
Derby City,https://secure.derby.gov.uk/binday/Binday?search.PremisesId={user_uprn},https://secure.derby.gov.uk/binday/,DE3 3DY,DE237QJ,DE237LD
Derbyshire Dales District Council,,http://www.derbyshiredales.gov.uk/environment-and-waste/bins-recycling/when-is-my-collection,DE4 9ED,DE4 9DG,DE451PR
Derry City and Strabane District Council,,https://www.derrystrabane.com/recycling,BT488EY,BT487EJ,BT829AE
Doncaster Metropolitan Borough Council,,http://www.doncaster.gov.uk/services/bins-recycling-waste,DN4 7RA,DN4 5LW,DN5 8PX
Dorset Council,,https://www.dorsetcouncil.gov.uk/bins-recycling-and-litter/bins-recycling-and-litter,DT2 8EZ,DT5 2YR,BH215EU
Dover District Council,https://collections.dover.gov.uk/property/{user_uprn},http://www.dover.gov.uk/recycling,CT162LY,CT169AY,CT163FH
Dudley Metropolitan Borough Council,,http://www.dudley.gov.uk/resident/bins-recycling/,DY9 0RF,DY5 1UF,DY6 8TZ
Dumfries and Galloway Council,,https://www.dumgal.gov.uk/article/21418/Kerbside-Waste-and-Recycling-Service,DG8 6SH,DG2 9BN,DG111PH
Dundee City Council,https://www.dundee-mybins.co.uk/get_calendar.php?rn={user_uprn},https://my.dundeecity.gov.uk/en/service/Bin_Collection_Calendar,DD4 9PY,DD1 1EA,DD5 1LZ
Durham County Council,,http://www.durham.gov.uk/bincollections,DL149GG,DL159JH,SR8 1DN
East Ayrshire Council,https://www.east-ayrshire.gov.uk/Housing/RubbishAndRecycling/Collection-days/ViewYourRecyclingCalendar.aspx?r={user_uprn},https://www.east-ayrshire.gov.uk/Housing/RubbishAndRecycling/Rubbishandrecycling.aspx,KA2 0AH,KA1 5DD,KA3 1PS
Eastbourne Borough Council,https://environmentfirst.co.uk/house.php?uprn={user_uprn},https://www.lewes-eastbourne.gov.uk/article/1158/When-is-my-bin-collection-day,BN219DN,BN211BU,BN220UX
East Cambridgeshire District Council,https://eastcambs-self.achieveservice.com/appshost/firmstep/self/apps/custompage/bincollections?language=en&uprn={uprn},https://eastcambs-self.achieveservice.com/bincollections,CB6 3NZ,CB7 9BN,CB6 3EN
East Devon District Council,https://eastdevon.gov.uk/recycling-and-waste/recycling-waste-information/when-is-my-bin-collected/future-collections-calendar/?UPRN={user_uprn},http://eastdevon.gov.uk/recycling-and-rubbish/when-is-my-bin-collected/,EX8 3NZ,EX122AZ,EX5 3AJ
East Dunbartonshire Council,,https://www.eastdunbarton.gov.uk/residents/recycling-waste/bins-and-recycling,G61 1NU,G64 3YB,G61 2JP
East Hampshire District Council,,http://www.easthants.gov.uk/recycling-and-waste/bin-collections,GU341JJ,GU358TF,GU337LW
East Hertfordshire District Council,,https://www.eastherts.gov.uk/bins-waste-recycling,SG9 9GS,SG141ED,AL6 0NA
Eastleigh Borough Council,https://www.eastleigh.gov.uk/waste-bins-and-recycling/collection-dates/your-waste-bin-and-recycling-collections?uprn={uprn},https://www.eastleigh.gov.uk/waste-bins-and-recycling,SO3 3GA,SO183RR,SO3 5FN
East Lindsey District Council,,https://www.e-lindsey.gov.uk/mywastecollections,DN365SL,LN110SE,LN9 5AE
East Lothian Council,,http://collectiondates.eastlothian.gov.uk/home.asp,EH217NH,EH421TL,EH320JS
East Renfrewshire Council,,http://www.eastrenfrewshire.gov.uk/article/1555/When-is-my-bin-emptied,G78 3DG,G77 6PF,G78 1FG
East Riding of Yorkshire Council,,https://www.eastriding.gov.uk/environment/bins-rubbish-recycling/bins-and-collections/bin-collection-dates/,HU181DR,YO153QG,HU192PQ
East Staffordshire Borough Council,,http://www.eaststaffsbc.gov.uk/bins-rubbish-recycling/collection-dates,ST145JY,ST148BD,ST148PU
East Suffolk District Council,,https://my.eastsuffolk.gov.uk/service/Bin_collection_dates_finder,IP117WS,NR347EP,IP5 3SR
Elmbridge Borough Council,,https://www.elmbridge.gov.uk/waste-and-recycling/missed-bins/,KT8 0HG,KT8 9SL,KT8 9YE
Epping Forest District Council,https://eppingforestdc.maps.arcgis.com/apps/instant/lookup/index.html?appid=bfca32b46e2a47cd9c0a84f2d8cdde17&find={postcode},https://www.eppingforestdc.gov.uk/recycling-and-rubbish/,EN9 3NG,CM5 0FN,IG8 8ZA
Epsom and Ewell Borough Council,https://maps.epsom-ewell.gov.uk/myeebc.aspx?action=SetAddress&UniqueId={user_uprn},https://www.epsom-ewell.gov.uk/residents/recycling-and-waste,KT171LE,SM3 8DP,KT172YS
Erewash Borough Council,https://map.erewash.gov.uk/isharelive.web/myerewash.aspx?action=SetAddress&UniqueId={uprn},https://map.erewash.gov.uk/isharelive.web/myerewash.aspx,NG104BU,DE7 4SX,DE7 4FE
Exeter City Council,https://exeter.gov.uk/repositories/hidden-pages/address-finder/?qsource=UPRN&qtype=bins&term={user_uprn},http://www.exeter.gov.uk/index.aspx?articleid=10184,EX3 9DG,EX2 8JG,EX2 5AR
Falkirk Council,https://recycling.falkirk.gov.uk/api/collections/{user_uprn},http://www.falkirk.gov.uk/services/bins-rubbish-recycling/household-waste/bin-collection-dates.aspx,FK2 8LB,FK1 4AJ,FK3 9YE
Fareham Borough Council,,https://www.fareham.gov.uk/waste_collection_and_recycling/bincalendar.aspx,SO317FD,PO142LR,PO149LL
Fenland District Council,,http://www.fenland.gov.uk/findyournearest,PE159ST,PE133HZ,PE132GB
Fermanagh and Omagh District Council,,http://www.fermanaghomagh.com/residential-services/environment-and-waste/waste-collection-calendar/,BT790ET,BT920FW,BT921AL
Fife Council,,https://www.fife.gov.uk/kb/docs/articles/bins-and-recycling/household-recycling,,,
Flintshire County Council,https://digital.flintshire.gov.uk/FCC_BinDay/Home/Details2/{user_uprn},http://www.flintshire.gov.uk/en/Resident/Bins-Recycling-and-Waste/Check-your-bin-day.aspx,CH4 8RU,CH7 6YT,CH7 6HB
Folkestone and Hythe District Council,https://service.folkestone-hythe.gov.uk/webapp/myarea/index.php?uprn={user_uprn},http://www.folkestone-hythe.gov.uk/recycling-waste-and-bins,CT214JE,TN288XW,TN290SZ
Forest of Dean District Council,,https://www.fdean.gov.uk/residents/bins-recycling/,GL142LU,GL149HT,GL143LF
Gateshead Metropolitan Borough Council,,https://www.gateshead.gov.uk/article/1785/Bins-and-recycling,NE921BX,NE165QN,NE165YD
Gedling Borough Council,https://www.gbcbincalendars.co.uk/json/gedling_borough_council_{item}_garden_bin_schedule.json;https://www.gbcbincalendars.co.uk/json/gedling_borough_council_{item}_bin_schedule.json,https://www.gedling.gov.uk/rubbish/,NG5 0BG,NG4 2EF,NG5 9NU
Glasgow City Council,https://onlineservices.glasgow.gov.uk/forms/RefuseAndRecyclingWebApplication/CollectionsCalendar.aspx?UPRN={user_uprn},https://www.glasgow.gov.uk/index.aspx?articleid=16567,,,
Gloucester City Council,,https://www.gloucester.gov.uk/environment-waste-recycling/waste-recycling-street-cleaning/bins-recycling/,GL1 1PS,GL1 2HU,GL4 3BU
Gosport Borough Council,,https://www.gosport.gov.uk/refusecollections,PO123WB,PO139RX,PO124GH
Gravesham Borough Council,,https://www.gravesham.gov.uk/bins-recycling,DA130BN,DA119AY,DA121UH
Great Yarmouth Borough Council,,http://www.great-yarmouth.gov.uk/rubbish-and-recycling,NR316JF,NR319UP,NR317JL
Guildford Borough Council,,http://www.guildford.gov.uk/yourguildford,GU1 3DB,GU5 9LP,GU101LQ
Gwynedd Council,https://diogel.gwynedd.llyw.cymru/Daearyddol/en/LleDwinByw/Index/{user_uprn},https://www.gwynedd.llyw.cymru/en/Residents/Bins-and-recycling/When-is-my-waste-collected.aspx,LL486AQ,LL402RB,LL537TD
Halton Borough Council,,https://webapp.halton.gov.uk/PublicWebForms/WasteServiceSearch.aspx,WA8 8HP,WA7 2SB,WA7 2JS
Harborough District Council,,http://www.harborough.gov.uk/collections,LE160DW,LE176HL,LE8 8DN
Harlow Council,,https://selfserve.harlow.gov.uk/,CM170HH,CM187LD,CM209HS
Hart District Council,https://www.hart.gov.uk/bbd-whitespace/next-collection-dates?uri=entity%3Anode%2F172&uprn={user_uprn},https://www.hart.gov.uk/your-area,RG279WL,RG279SF,GU527UJ
Hartlepool Borough Council,,https://www.hartlepool.gov.uk/bincalendars,TS240YA,TS255NP,TS251AX
Hastings Borough Council,,https://www.hastings.gov.uk/environment_planning/cleaner_hastings/waste_recycle/,TN343BN,TN343JL,TN381LR
Havant Borough Council,,http://www.havant.gov.uk/rubbish-and-recycling,PO7 5XD,PO7 9BG,PO9 3UL
Herefordshire Council,https://www.herefordshire.gov.uk/rubbish-recycling/check-bin-collection-day?blpu_uprn={user_uprn},https://www.herefordshire.gov.uk/environmental-protection/waste-management/refuse-household-bin-collection,HR7 4YL,HR2 6PJ,HR6 9EY
Hertsmere Borough Council,,https://www.hertsmere.gov.uk/Environment-Refuse--Recycling/Recycling--Waste/Recycling-and-Waste.aspx,WD233AN,EN6 5ZX,WD2 3RB
High Peak Borough Council,,http://www.highpeak.gov.uk/hp/bins,SK139SY,SK179BB,SK176TA
Hinckley and Bosworth Borough Council,https://www.hinckley-bosworth.gov.uk/set-location?id={user_uprn}&redirect=refuse&rememberloc=,https://www.hinckley-bosworth.gov.uk/collections,CV9 3NJ,LE100QJ,LE6 0BD
Horsham District Council,,https://satellite.horsham.gov.uk/environment/refuse/refuse_cal1.asp,RH123NR,RH204NG,RH203GH
Hull City Council,https://www.hull.gov.uk/ajax/bin-collection?bindate={user_uprn},https://www.hull.gov.uk/household-collections ,HU9 1WY,HU6 7PT,HU5 2LG
Huntingdonshire District Council,http://www.huntingdonshire.gov.uk/refuse-calendar/{user_uprn},http://applications.huntingdonshire.gov.uk/applications/RefuseCalendarMVC,PE283EB,PE7 3DX,PE275BN
Hyndburn Borough Council,,http://ww2.hyndburnbc.gov.uk/ListAccounts.aspx,BB5 5TP,BB5 0AG,BB5 2QG
Inverclyde Council,,https://www.inverclyde.gov.uk/environment/recycling-and-waste-services/when-are-my-bins-collected,PA145ES,PA191RX,PA167BF
Isle of Anglesey County Council,,https://www.anglesey.gov.uk/en/Residents/Bins-and-recycling/Household-waste-collection-on-Anglesey.aspx,LL651PL,LL652YW,LL588SL
Isle of Wight Council,,https://www.iow.gov.uk/recycling-and-waste/your-collection-services/,PO410RU,PO409JL,PO360QA
Kirklees Council,,http://www.kirklees.gov.uk/beta/your-property-bins-and-recycling.aspx,WF129BW,HD2 2GX,HD9 6FE
Knowsley Metropolitan Borough Council,,http://www.knowsley.gov.uk/residents/housing.aspx,L36 6LX,L33 9YA,L34 5RR
Lancaster City Council,,http://www.lancaster.gov.uk/bins-recycling/bin-collection-calendar,LA3 2LB,LA1 9HZ,LA1 3GB
Leeds City Council,,http://www.leeds.gov.uk/residents/Pages/Check-your-bin-day.aspx,LS277LS,LS118DY,LS132LP
Leicester City Council,,http://www.leicester.gov.uk/your-environment/recycling-and-waste/household-waste-collections,LE5 2HZ,LE2 6AU,LE5 1QH
Lewes District Council,https://environmentfirst.co.uk/house.php?uprn={user_uprn},https://www.lewes-eastbourne.gov.uk/article/1163/Household-waste-collection-service,BN8 6YW,BN107LF,BN9 0ES
Lichfield District Council,https://www.lichfielddc.gov.uk/homepage/6/bin-collection-dates?uprn={user_uprn},https://www.lichfielddc.gov.uk/Residents/Environment/Recycling-bins-and-waste/Recycling-bins-and-waste.aspx,WS7 4QR,WS7 4RJ,WS154NH
Lisburn and Castlereagh City Council,,https://www.lisburncastlereagh.gov.uk/resident/bins-recycling/when-is-my-bin-collection-day,BT252DZ,BT281JZ,BT161UL
Liverpool City Council,https://liverpool.gov.uk/Bins/BinDatesTable?UPRN={user_uprn},http://liverpool.gov.uk/bins-and-recycling/bin-collection-dates/,L18 7LH,L5  9TT,L5  9ZE
London Borough of Barking and Dagenham,,https://www.lbbd.gov.uk/bin-collection-days,RM6 5LA,IG118SW,RM8 1BA
London Borough of Barnet,,http://www.barnet.gov.uk/household-waste,N3  9DY,NW9 9HS,NW111AS
London Borough of Bexley,https://waste.bexley.gov.uk/waste/{user_uprn},https://www.bexley.gov.uk/services/rubbish-and-recycling,DA7 6YZ,DA7 4SR,DA6 7WW
London Borough of Brent,,https://www.brent.gov.uk/recycling,NW6 5YZ,HA8 5QB,HA0 3LU
London Borough of Bromley,,http://www.bromley.gov.uk/downloads/download/34/waste_collection_service_calendars,BR3 4QX,BR5 3LA,TN163ND
London Borough of Camden,,https://www.camden.gov.uk/check-collection-day,NW1 1JR,NW5 1SE,NW5 2AP
London Borough of Croydon,,http://www.croydon.gov.uk/environment/rrandw/,CR8 5HY,SE255DT,CR4 7QH
London Borough of Ealing,,https://www.ealing.gov.uk/info/201167/rubbish_and_recycling/2015/find_your_rubbish_and_recycling_collection_day,W5  2WR,UB5 6JY,UB6 7AY
London Borough of Enfield,,https://new.enfield.gov.uk/services/rubbish-and-recycling/household-collections/rubbish-and-recycling-collections/,EN2 8EH,N14 6PJ,N14 6YY
London Borough of Hackney,https://waste-api-hackney-live.ieg4.net/f806d91c-e133-43a6-ba9a-c0ae4f4cccf6/alloywastepages/getproperty/{systemId};https://waste-api-hackney-live.ieg4.net/f806d91c-e133-43a6-ba9a-c0ae4f4cccf6/alloywastepages/getcollection/{binID};https://waste-api-hackney-live.ieg4.net/f806d91c-e133-43a6-ba9a-c0ae4f4cccf6/alloywastepages/getbin/{binID};https://waste-api-hackney-live.ieg4.net/f806d91c-e133-43a6-ba9a-c0ae4f4cccf6/alloywastepages/getworkflow/{collectionID},https://hackney.gov.uk/rubbish,N1  5SS,N16 5LB,E2  8FF
London Borough of Hammersmith & Fulham,,https://www.lbhf.gov.uk/recycling-and-rubbish/rubbish-non-recyclables,W14 8XR,W12 7EB,W6  9WX
London Borough of Haringey,https://wastecollections.haringey.gov.uk/property/{uprn},https://www.haringey.gov.uk/environment-and-waste/refuse-and-recycling/bin-collections/collection-days,N6  5RW,N8  9XY,N22 5SL
London Borough of Harrow,https://www.harrow.gov.uk/ajax/bins?u={user_uprn}&r=12345,https://www.harrow.gov.uk/bins,HA3 7HY,HA7 2AQ,HA3 6JD
London Borough of Havering,,https://www.havering.gov.uk/info/20003/rubbish_and_recycling,RM5 3LP,RM7 9JR,RM5 2DX
London Borough of Hillingdon,,https://www.hillingdon.gov.uk/rubbishandrecycling,HA6 2BF,UB3 4JH,UB109NQ
London Borough of Hounslow,,https://www.hounslow.gov.uk/homepage/86/recycling_and_waste_collection_day_finder,TW4 6HW,TW7 5AB,TW5 0BT
London Borough of Islington,https://www.islington.gov.uk/your-area?Postcode=unused&Uprn={uprn},https://www.islington.gov.uk/recycling-and-rubbish/recycling-and-rubbish-collections/recycling-and-rubbish-collection-times,N7  9TN,N5  2LD,WC1A9SN
London Borough of Lambeth,,https://www.lambeth.gov.uk/rubbish-recycling,SW4 7LW,SW161AL,SW2 9HT
London Borough of Lewisham,,http://www.lewisham.gov.uk/myservices/wasterecycle/your-bins/collection/Pages/default.aspx,SE136YF,SE8 5YW,SE136EE
London Borough of Merton,,http://www.merton.gov.uk/refusecollection,SW165UL,SW179QY,SW191DH
London Borough of Newham,https://bincollection.newham.gov.uk/Details/Index/{user_uprn},https://www.newham.gov.uk/Pages/Services/Recycling-household-collections.aspx,E15 2ES,E16 3HF,E6  1EU
London Borough of Redbridge,,https://www.redbridge.gov.uk/bins-waste-and-recycling/,IG3 8QG,IG2 7EE,IG7 4DU
London Borough of Richmond upon Thames,,https://www.richmond.gov.uk/waste_and_recycling,TW1 9FG,TW118LG,SW148ZF
London Borough of Southwark,,http://www.southwark.gov.uk/bins/lookup,SE154PT,SE266SW,SE1P6RZ
London Borough of Sutton,https://waste-services.sutton.gov.uk/waste/{user_uprn},https://www.sutton.gov.uk/info/200449/waste_and_recycling/1578/when_are_my_bins_collected,SM5 1NP,SM2 5ZH,SM5 2HJ
London Borough of Tower Hamlets,,http://www.towerhamlets.gov.uk/lgnl/environment_and_planning/recycling_and_waste/recycling_and_waste.aspx,E8  9JD,E1  5FN,E3  2HF
London Borough of Waltham Forest,,https://www.walthamforest.gov.uk/rubbish-and-recycling/household-bin-collections/check-your-collection-days,E4  8TZ,E11 9GB,E4  6PB
London Borough of Wandsworth,https://www.wandsworth.gov.uk/my-property/?UPRN={user_uprn},http://www.wandsworth.gov.uk/info/200489/rubbish_and_recycling,SW171FQ,SW181YJ,SW128ZR
Luton Borough Council,,https://m.luton.gov.uk/Page/Show/Environment/Rubbish_waste_and_recycling/Pages/Bin-collection.aspx,LU1 3ND,LU1 3JN,LU1 9TH
Maidstone Borough Council,,https://maidstone.gov.uk/home/primary-services/bins-and-recycling,ME173FZ,ME149PN,ME150JE
Maldon District Council,https://maldon.suez.co.uk/maldon/ServiceSummary?uprn={uprn},http://www.maldon.gov.uk/info/200084/recycling_rubbish_and_waste,CM9 8PE,CM9 6WA,CM0 8ET
Malvern Hills District Council,,http://swict.malvernhills.gov.uk/mhdcroundlookup/,WR8 0JS,WR141GH,WR141EU
Manchester City Council,,http://www.manchester.gov.uk/bincollections,M21 0BY,M22 0AJ,M10 0GP
Mansfield District Council,"https://portal.mansfield.gov.uk/MDCWhiteSpaceWebService/WhiteSpaceWS.asmx/GetCollectionByUPRNAndDate?apiKey=mDc-wN3-B0f-f4P&UPRN={user_uprn}&coldate={datetime.now().strftime(""%d/%m/%Y"")}",https://www.mansfield.gov.uk/bins-recycling,NG196JS,NG181AH,NG190FF
Medway Council,https://api.medway.gov.uk/api/waste/getwasteday/{user_uprn},https://www.medway.gov.uk/info/200132/waste_and_recycling,ME4 4WQ,ME5 0PF,ME2 3LG
Melton Borough Council,https://my.melton.gov.uk/set-location?id={user_uprn}&redirect=collections&rememberloc=,http://www.melton.gov.uk/info/524/bin_collection_dates_and_times,LE143QT,LE142UZ,LE142ER
Mid and East Antrim Borough Council,,https://www.midandeastantrim.gov.uk/resident/waste-recycling/collection-dates,BT440LJ,BT401BY,BT403TY
Mid Devon District Council,,https://www.middevon.gov.uk/residents/recycling-rubbish/check-collection-dates/,EX164JE,EX176SF,EX151LG
Middlesbrough Borough Council,,https://www.middlesbrough.gov.uk/recycling-and-rubbish,TS1 2NP,TS3 6NG,TS8 9JD
Midlothian Council,,https://www.midlothian.gov.uk/info/1054/bins_and_recycling/343/bin_collections,EH222NF,EH234AX,EH269HJ
Mid Suffolk District Council,,http://www.midsuffolk.gov.uk/waste-services/collection-days/,IP6 8LB,IP138HG,IP309HH
Mid Sussex District Council,,https://www.midsussex.gov.uk/waste-recycling/household-rubbish/,RH169GA,RH164RP,RH194LB
Mid Ulster District Council,,http://www.midulstercouncil.org/Services/Bins-Recycling,BT458PG,BT455RN,BT809NE
Milton Keynes Council,,https://www.milton-keynes.gov.uk/waste-recycling/collection-days,MK8 0DE,MK168SF,MK9 2PQ
Mole Valley District Council,https://myproperty.molevalley.gov.uk/molevalley/api/live_addresses/{}?format=json,https://www.molevalley.gov.uk/home/bins-recycling,RH5 4WN,KT229LP,RH5 5FU
Monmouthshire County Council,https://maps.monmouthshire.gov.uk/?action=SetAddress&UniqueId={user_uprn},http://www.monmouthshire.gov.uk/home/streets-parking-and-transport/recycling-and-waste/,NP5 1PU,NP169BH,NP165UL
Neath Port Talbot County Borough Council,,http://www.npt.gov.uk/default.aspx?page=7263,SA106AT,SA113PT,SA8 4JP
Newark and Sherwood District Council,,https://app.newark-sherwooddc.gov.uk/bincollection/,NG241BH,NG220HA,NG242SP
Newcastle City Council,,https://community2.newcastle.gov.uk/my-neighbourhood/,NE7 7QT,NE1 6QJ,NE992NE
Newcastle-under-Lyme District Council,https://www.newcastle-staffs.gov.uk/homepage/97/check-your-bin-day?uprn={user_uprn},http://www.newcastle-staffs.gov.uk/all-services/recycling-and-waste/collection-date-finder,ST5 5DQ,ST5 0ND,ST7 3PX
New Forest District Council,,https://www.newforest.gov.uk/rubbish,SO4 0TJ,SO419UZ,SO4 7NE
Newport City Council,,http://www.newport.gov.uk/en/Waste-Recycling/Bin-collection-days.aspx,NP183YN,NPT 2WW,NP9 4GP
"Newry, Mourne and Down District Council",,http://www.newrymournedown.org/bin-collection-information-and-calendar,BT309NR,BT357EH,BT343NY
North Ayrshire Council,https://www.maps.north-ayrshire.gov.uk/arcgis/rest/services/AGOL/YourLocationLive/MapServer/8/query?f=json&outFields=*&returnDistinctValues=true&returnGeometry=false&spatialRel=esriSpatialRelIntersects&where=UPRN%20%3D%20%27{user_uprn}%27,https://www.north-ayrshire.gov.uk/bins-litter-and-recycling/bins/bin-collection-day.aspx,KA219AA,KA115DE,KA128DF
North Devon Council,,http://www.northdevon.gov.uk/bins-and-recycling/collection-dates/,EX394PZ,EX348WU,EX311ER
North East Derbyshire District Council,,https://www.ne-derbyshire.gov.uk/bins-and-recycling/bin-collection-dates,S42 5DP,S18 7TL,S18 1BS
North East Lincolnshire Council,,https://www.nelincs.gov.uk/refuse-collection-schedule/,DN350NH,DN331DF,DN333PH
North Hertfordshire District Council,,https://www.north-herts.gov.uk/home/waste-and-recycling,SG6 1LD,SG9 0SQ,SG4 0NP
North Kesteven District Council,,https://www.n-kesteven.gov.uk/residents/waste-recycling-and-environment/find-information-about-the-waste-service/find-your-bin-collection-days/,LN4 1RB,NG340RA,LN6 9FZ
North Lanarkshire Council,,http://www.northlanarkshire.gov.uk/index.aspx?articleid=7451,,,
North Lincolnshire Council,https://m.northlincs.gov.uk/bin_collections?no_collections=20&uprn={uprn},https://www.northlincs.gov.uk/bins-waste-and-recycling/collection-dates/,DN208JX,DN208HE,DN162AX
North Norfolk District Council,,http://www.northnorfolk.org/bincollection/,NR280BJ,NR120RQ,NR231AS
North Northamptonshire Council,https://cms.northnorthants.gov.uk/bin-collection-search/calendarevents/{uprn}/{dateforurl}/{dateforurl2},https://www.northnorthants.gov.uk/bins-recycling-and-street-cleaning/bin-collection-day,NN8 1LN,NN8 5DF,NN8 3PD
North Somerset Council,,http://www.n-somerset.gov.uk/my-services/waste/rubbish-collections/collection-days-from-june-2018/,BS239HL,BS233SP,BS186US
North Tyneside Council,,https://my.northtyneside.gov.uk/category/80/rubbish-and-recycling,NE126BZ,NE259AB,NE291HB
Northumberland County Council,,https://www.northumberland.gov.uk/Waste/Bins.aspx#howtoreportamissedbincollection,NE638SE,NE687XB,NE619GR
North Warwickshire Borough Council,,https://www.northwarks.gov.uk/info/20004/waste_and_recycling,B46 2RB,B46 1LU,CV109PW
North West Leicestershire District Council,https://my.nwleics.gov.uk/my-property-finder?address={user_postcode}&go=1,http://www.nwleics.gov.uk/countyservice_details/home.asp?PID=524,LE676JL,LE671ZL,DE7 2XQ
North Yorkshire Council,,https://www.northyorks.gov.uk/bins-recycling-and-waste/check-your-bin-collection-day,,,
Norwich City Council,,http://www.norwich.gov.uk/WasteAndRecycling/Pages/HowOurServiceWorks.aspx,NR2 4GW,NR1 4EZ,NR2 4QR
Nottingham City Council,https://geoserver.nottinghamcity.gov.uk/bincollections2/api/collection/{user_uprn},http://www.nottinghamcity.gov.uk/bin-and-rubbish-collections/check-my-bin-collection-day/,NG3 3EL,NG2 2NL,NG5 2NQ
Nuneaton and Bedworth Borough Council,,https://www.nuneatonandbedworth.gov.uk/info/20001/rubbish_and_recycling,CV120LQ,CV108AQ,CV114LZ
Oadby and Wigston Borough Council,https://my.oadby-wigston.gov.uk/location?put=ow{user_uprn}&rememberme=0&redirect=%2F,https://www.oadby-wigston.gov.uk/pages/household_waste_collection,LE184SU,LE8 1QJ,LE8 1DL
Oldham Metropolitan Borough Council,,https://adt.oldham.gov.uk/Forms/bincollectiondates/details,M24 1SJ,OL2 6QT,OL2 7PF
Orkney Islands Council,,http://www.orkney.gov.uk/Service-Directory/R/rubbish-and-recycling.htm,KW151FY,KW159SX,KW151PR
Oxford City Council,,https://www.oxford.gov.uk/mybinday,OX1 2SS,OX1 3UA,OX4 2XH
Pembrokeshire County Council,,https://www.pembrokeshire.gov.uk/waste-and-recycling,SA733YQ,SA708DP,SA733QA
Pendle Borough Council,,https://www.pendle.gov.uk/info/20001/bins_and_recycling,BB9 4GZ,BB8 9PW,BB940ZR
Perth and Kinross Council,,http://www.pkc.gov.uk/bindates,,,
Peterborough City Council,,https://www.peterborough.gov.uk/residents/rubbish-and-recycling/bins/,PE2 2WQ,PE6 7JE,PE2 8YS
Plymouth City Council,,https://www.plymouth.gov.uk/bins-recycling-and-waste,PL7 2UX,PL4 7YD,PL4 0YH
Portsmouth City Council,,https://www.portsmouth.gov.uk/ext/bins-rubbish-and-recycling/bins-rubbish-and-recycling.aspx,PO1 5RB,PO4 0DY,PO2 8AS
Powys County Council,,http://www.powys.gov.uk/en/bins-rubbish-recycling/report-a-bin-collection-problem/,LD1 6UF,SA9 1RF,SY208AB
Preston City Council,,https://www.preston.gov.uk/bins,PR1 1UZ,PR2 0SH,PR1 5TS
Reading Borough Council,,https://www.reading.gov.uk/bin-calendar/,RG1 4JF,RG4 8JN,RG1 5DW
Redcar and Cleveland Borough Council,https://api.eu.recollect.net/api/places/{place_id}/services/50006/events,https://www.redcar-cleveland.gov.uk/resident/bins-waste-and-recycling/Pages/bins-waste-and-recycling.aspx,TS117LB,TS104RU,TS101SD
Redditch Borough Council,,http://www.redditchbc.gov.uk/my-place/bins-and-recycling/what-is-my-bin-collection-day.aspx,B97 9HN,B97 9ZU,B97 6JN
Reigate and Banstead Borough Council,https://my.reigate-banstead.gov.uk/en/service/Bins_and_recycling___collections_calendar?uprn={user_uprn},http://www.reigate-banstead.gov.uk/environment/recycling_rubbish_and_waste/proposals/index.asp,RH1 3AJ,RH2 8WX,RH6 9LL
Renfrewshire Council,,http://www.renfrewshire.gov.uk/checkyourbincollectionday,PA2 0UF,PA2 7FQ,PA2 0TX
Rhondda Cynon Taf County Borough Council,,http://www.rctcbc.gov.uk/EN/Resident/BinsandRecycling/BinCollectionDays.aspx,CF7 9HW,CF373HF,CF434AA
Ribble Valley Borough Council,,https://www.ribblevalley.gov.uk/directory/15/find_your_bin_collection_day/search,BB6 8AD,PR3 8AJ,PR3 3GN
Rochdale Metropolitan Borough Council,,https://www.rochdale.gov.uk/bins,M24 5AE,OL120EQ,OL169EQ
Rochford District Council,,https://www.rochford.gov.uk/environment/recycling/bins-and-collections,SS6 8DY,SS5 4NX,SS4 1QG
Rossendale Borough Council,,https://www.rossendale.gov.uk/info/210192/find_your_bin_collection_day,BB4 6SE,OL128XJ,OL138RA
Rother District Council,,http://www.rother.gov.uk/whenismybinday,TN354NH,TN197HU,TN5 7NQ
Rotherham Metropolitan Borough Council,https://www.rotherham.gov.uk/bin-collections?address={}&submit=Submit,https://www.rotherham.gov.uk/rubbish-recycling/bin-collections,S65 2BT,S61 2EF,S31 8YJ
Royal Borough of Greenwich,https://www.royalgreenwich.gov.uk/site/custom_scripts/apps/waste-collection/new2023/source.php?term={user_postcode},http://www.royalgreenwich.gov.uk/info/200084/recycling_rubbish_and_waste/100/kerbside_collection_days,SE9 5JD,SE9 1ZS,SE100ZQ
Royal Borough of Kensington and Chelsea,,https://www.rbkc.gov.uk/bins-and-recycling,SW101BH,SW3 2ZQ,W11 1DF
Royal Borough of Kingston upon Thames,,http://www.kingston.gov.uk/bin_collection,KT6 4RA,KT6 7SE,KT3 5DY
Royal Borough of Windsor and Maidenhead,,https://www.rbwm.gov.uk/environment-and-waste/recycling-and-rubbish,SL5 7ZH,SL3 9PT,SL4 2TL
Rugby Borough Council,,https://www.rugby.gov.uk/binday,CV226RP,CV213HB,CV211AU
Runnymede Borough Council,https://www.runnymede.gov.uk/homepage/150/check-your-bin-collection-day?address={user_uprn},https://www.runnymede.gov.uk/article/15324/Check-your-bin-day,KT152TT,KT168EJ,TW184FS
Rushcliffe Borough Council,,https://eserv.rushcliffe.gov.uk/onlineservices/binrounds/,NG122EE,NG123BZ,NG125RW
Rushmoor Borough Council,,http://www.rushmoor.gov.uk/article/2061/Information-about-your-bins-and-collections,GU111FE,GU111QF,GU149NR
Rutland County Council,,https://www.rutland.gov.uk/my-services/waste-and-recycling/,LE156EP,PE9 3US,LE159DT
Salford City Council,https://www.salford.gov.uk/bins-and-recycling/bin-collection-days/your-bin-collections/?UPRN={user_uprn},https://www.salford.gov.uk/bins,M5  4SL,M7  3QW,M30 0PR
Sandwell Metropolitan Borough Council,,http://www.sandwell.gov.uk/info/200160/bins_and_recycling,B69 4ET,DY4 0HJ,B68 9AW
Scottish Borders Council,,https://www.scotborders.gov.uk/info/20001/bins_rubbish_and_recycling/182/bin_collection_days,TD7 4WE,TD1 1BX,TD113BG
Sefton Metropolitan Borough Council,,http://www.sefton.gov.uk/1821,L20 4SS,PR9 7LY,L21 8QU
Sevenoaks District Council,,https://selfservice.sevenoaks.gov.uk/do-it-online/ufsmain?formid=REFUSE_COLLECTIONS&ebz=1_1505134748062&ebd=0&ebz=1_1505134748062,TN150FA,TN150AX,DA4 0BF
Sheffield City Council,,https://www.veolia.co.uk/sheffield/collections/collection-day-finder,S10 5TL,S20 1HE,S20 8NA
Shetland Islands Council,,http://www.shetland.gov.uk/rubbish-recycling/rubbish-collection.asp,ZE1 0QN,ZE2 9AN,ZE1 0UW
Shropshire Council,,https://www.shropshire.gov.uk/recycling-and-rubbish/what-to-do-with/your-collection-service/,SY131HG,SY107AF,WR158LH
Slough Borough Council,,https://www.slough.gov.uk/bins-waste-recycling/what-goes-in-bins,SL1 3NE,SL1 3XY,SL2 2JL
Solihull Metropolitan Borough Council,,https://www.solihull.gov.uk/Rubbish-and-recycling/Recycling-collections,CV7 7DL,B91 3FZ,B90 9JE
Southampton City Council,https://www.southampton.gov.uk/whereilive/waste-calendar?UPRN={user_uprn},https://www.southampton.gov.uk/bins-recycling/bins/,SO199TN,SO1 2TT,SO1 5QH
South Ayrshire Council,,http://www.south-ayrshire.gov.uk/bin-day/,KA269SJ,KA7 4YP,KA9 1RT
South Cambridgeshire District Council,https://servicelayer3c.azure-api.net/wastecalendar/collection/search/{}/,https://www.scambs.gov.uk/bins/,CB4 4HW,CB236GE,CB5 9LT
South Derbyshire District Council,,https://www.southderbyshire.gov.uk/our-services/recycling-bins-and-waste/bin-collection-dates,DE737GE,DE722GX,DE7 1HN
Southend-on-Sea City Council,,https://www.southend.gov.uk/info/200327/rubbish_and_recycling/223/collection_days_delivery_dates_and_getting_additional_sacks,SS1 9UZ,SS2 6BN,SS2 4NW
South Gloucestershire Council,,https://beta.southglos.gov.uk/waste-and-recycling-collection-dates/,BS379UP,BS161LR,BS376LZ
South Hams District Council,,https://www.southhams.gov.uk/recyclingwaste,PL9 0HU,PL210YH,TQ9 9TJ
South Holland District Council,,https://forms.sholland.gov.uk/tkflow/Flow.aspx?f=SHDC_MyCollections.kdt&template=SHDCTemplate_Web,PE111SA,PE111UR,PE129XQ
South Kesteven District Council,,https://pre.southkesteven.gov.uk/BinSearch.aspx?articleid=8930,NG318AS,NG316LW,NG317SU
South Lanarkshire Council,,http://www.southlanarkshire.gov.uk/info/200156/bins_and_recycling/1670/bin_collections,ML106RZ,G73 5YF,G74 3YS
South Norfolk District Council,,https://www.southnorfolkandbroadland.gov.uk/rubbish/find-bin-collection-day,NR4 7TZ,IP229AE,NR4 6TH
South Oxfordshire District Council,,https://www.southoxon.gov.uk/waste,OX9 2HH,OX119JW,OX107JL
South Ribble Borough Council,,http://www.southribble.gov.uk/,PR5 5SQ,PR5 5WW,PR4 4SE
South Staffordshire Council,,https://www.sstaffs.gov.uk/bins-recycling/index.cfm,WV112BN,WS6 9AQ,WV6 7DJ
South Tyneside Council,,https://www.southtyneside.gov.uk/article/935/Bins-and-recycling,NE335EU,NE348PU,NE333ND
Spelthorne Borough Council,,https://www.spelthorne.gov.uk/rubbish,TW152QG,TW151UB,TW153QQ
Stafford Borough Council,,https://www.staffordbc.gov.uk/binday,ST180FB,ST174QN,ST189SQ
Staffordshire Moorlands District Council,,https://www.staffsmoorlands.gov.uk/sm/bins,ST138PX,ST9 9JY,ST102DJ
St Albans City and District Council,,https://www.stalbans.gov.uk/rubbish-collections,AL1 9WQ,AL4 8QX,AL4 0GG
Stevenage Borough Council,,http://www.stevenage.gov.uk/recycling-and-waste/refuse-recycling-collections/,SG1 9BD,SG1 4LT,SG1 2AD
St Helens Council,,https://secure.sthelens.net/website/CollectionDates.nsf/servlet.xsp/CollectionDatesMenu,WA9 4RS,WA102UR,WA106UN
Stirling Council,,https://my.stirling.gov.uk/bins-waste-recycling/,FK8 1ZT,FK9 4PP,FK166AY
Stockport Metropolitan Borough Council,,https://www.stockport.gov.uk/topic/bins-and-recycling,SK2 6UD,SK6 7AN,SK8 3SJ
Stockton-on-Tees Borough Council,,https://www.stockton.gov.uk/bins-rubbish-and-recycling,TS202XN,TS169HJ,TS232QX
Stoke-on-Trent City Council,,https://www.stoke.gov.uk/homepage/121/bin_day_calendar_view,ST4 6ST,ST1 1HF,ST1 4AU
Stratford-on-Avon District Council,,https://www.stratford.gov.uk/waste-recycling/help-with-your-collection.cfm,CV359SJ,CV479PB,B95 5AY
Stroud District Council,,https://www.stroud.gov.uk/environment/bins-rubbish-recycling,GL2 4EE,GL6 0YG,GL127AF
Sunderland City Council,,http://www.sunderland.gov.uk/bindays,DH5 9RE,SR2 9BL,NE9 7RH
Surrey Heath Borough Council,,http://www.surreyheath.gov.uk/node/53,GU153PY,GU166HA,GU170PB
Swale Borough Council,,http://www.swale.gov.uk/my-collection-day/,ME9 8HE,ME9 8PJ,ME109JG
Swindon Borough Council,https://www.swindon.gov.uk/info/20122/rubbish_and_recycling_collection_days?addressList={user_uprn}&uprnSubmit=Yes,http://www.swindon.gov.uk/householdwaste,SN3 4YA,SN2 9PD,SN1 3RP
Tameside Metropolitan Borough Council,,https://www.tameside.gov.uk/recycling,M34 1TD,OL5 9HZ,M35 6PZ
Tamworth Borough Council,,https://www.tamworth.gov.uk/bins,B79 8ED,B77 4PY,B77 3BB
Tandridge District Council,,https://www.tandridge.gov.uk/Recycling-and-rubbish/Has-your-bin-been-missed,RH7 9AL,RH8 0LZ,RH9 8JP
Teignbridge District Council,https://www.teignbridge.gov.uk/repositories/hidden-pages/bin-finder?uprn={user_uprn},http://www.teignbridge.gov.uk/bins,TQ121HF,EX7 0QP,EX6 8FF
Telford & Wrekin Council,https://dac.telford.gov.uk/BinDayFinder/Find/PropertySearch?uprn={user_uprn},http://www.telford.gov.uk/info/1003/bins_and_recycling/221/report_a_missed_bin_collection,TF6 6WB,TF1 5SH,TF3 5WG
Tendring District Council,,https://www.tendringdc.gov.uk/recycling-rubbish/check/rubbish-recycling-collection-days,CO160HY,CO133BW,CO168RR
Test Valley Borough Council,,http://www.testvalley.gov.uk/,SO5 8EY,SO5 0DH,SP119WZ
Tewkesbury Borough Council,https://api-2.tewkesbury.gov.uk/incab/rounds/{user_uprn}/next-collection,https://www.tewkesbury.gov.uk/waste-and-recycling?rq=bin%20collection,GL515TB,GL519SP,GL208LL
Thanet District Council,https://www.thanet.gov.uk/wp-content/mu-plugins/collection-day/incl/mu-collection-day-calls.php?pAddress={user_uprn},https://www.thanet.gov.uk/online-services/your-collection-day/,CT9 5DP,CT7 9GE,CT117EP
The Highland Council,,http://www.highland.gov.uk/info/1054/rubbish_and_recycling,IV150BB,KW148HS,KW126UY
The Moray Council,,http://bindayfinder.moray.gov.uk/,AB547JS,AB554BF,AB5 4BA
Three Rivers District Council,,http://www.threerivers.gov.uk/Default.aspx/Web/GreenBins,WD197QP,WD189QA,HA6 3BL
Thurrock Council,,https://www.thurrock.gov.uk/wheeled-bin-collection-days,RM176UB,RM176DH,SS178YQ
Tonbridge and Malling Borough Council,,https://www.tmbc.gov.uk/bins-waste,ME194SD,ME196TQ,TN9 2HJ
Torbay Council,,http://www.torbay.gov.uk/waste,TQ4 7RB,TQ2 7FT,TQ2 7ST
Torfaen County Borough Council,,http://www.torfaen.gov.uk/en/RubbishAndRecycling/Householdwaste-rubbishcollections/Bin-Collection-Days.aspx,NP443YT,NP4 9JG,NP4 7NL
Torridge District Council,,https://www.torridge.gov.uk/forms/firmstep/wastecalendar.html,EX388NQ,EX388JF,EX391UE
Trafford Metropolitan Borough Council,,http://www.trafford.gov.uk/bincollections/,M33 3NH,M33 7BP,M32 0NS
Tunbridge Wells Borough Council,,https://www.tunbridgewells.gov.uk/bins-and-recycling/check-your-bin-collection-day,TN2 4HZ,TN4 8FJ,TN172BS
Uttlesford District Council,,http://bins.uttlesford.gov.uk/,CB101PU,CM6 3TH,CB109TB
Vale of Glamorgan Council,https://www.valeofglamorgan.gov.uk/en/living/Recycling-and-Waste/collections/Black-Bag-Collections/{bin_week}.aspx,https://www.valeofglamorgan.gov.uk/,CF5 6PL,CF644QQ,CF633DH
Vale of White Horse District Council,,https://www.whitehorsedc.gov.uk/waste,SN7 8SF,OX128XH,OX127LD
Wakefield Metropolitan District Council,,http://www.wakefield.gov.uk/site/where-i-live,WF7 7RW,WF8 4LZ,WF8 4JG
Walsall Metropolitan Borough Council,https://cag.walsall.gov.uk/BinCollections/GetBins?uprn={user_uprn},https://go.walsall.gov.uk/bins/check_your_bin_collection_dates,WS5 3HR,WS5 4PN,WS9 8QZ
Warrington Borough Council,https://www.warrington.gov.uk/bin-collections/get-jobs/{user_uprn},https://www.warrington.gov.uk/your-next-bin-collection-day,WA3 6HX,WA4 9BN,WA5 5PQ
Warwick District Council,,http://www.warwickdc.gov.uk/info/20478/refuse_collection,CV324SL,CV357YW,CV326LA
Watford Borough Council,,https://watfordbc-self.achieveservice.com/en/service/Bin_collections,WD1 3RN,WD186JZ,WD1 3TD
Waverley Borough Council,,https://www.waverley.gov.uk/bins,GU8 6DN,GU266QY,GU7 3LX
Wealden District Council,,https://www.wealden.gov.uk/recycling-and-waste/bin-search/,BN266LJ,BN272AD,TN2 9AX
Welwyn Hatfield Council,,https://www.welhat.gov.uk/rubbish-recycling/check-bin-collection-day,AL108AE,AL8 7PE,AL7 1HN
West Berkshire Council,,https://www.westberks.gov.uk/rubbishandrecyclingcollections,RG205WS,RG8 8BJ,RG8 8TD
West Devon Borough Council,,https://www.westdevon.gov.uk/article/4526/Find-your-Recycling-Waste-collection-day,TQ138EJ,PL206QR,PL199FS
West Dunbartonshire Council,https://www.west-dunbarton.gov.uk/recycling-and-waste/bin-collection-day/?uprn={user_uprn},http://www.west-dunbarton.gov.uk/rubbish-and-recycling/bin-collection-day/,G60 5NA,G83 9GF,G81 5WX
West Lancashire Borough Council,https://your.westlancs.gov.uk/yourwestlancs.aspx?address={user_postcode},http://www.westlancs.gov.uk/refuse-recycling.aspx,L40 1UF,L39 4AZ,PR8 5BH
West Lindsey District Council,https://wlnk.statmap.co.uk/map/Cluster.svc/findLocation?callback=getAddressesCallback1702938375023&script=%5CCluster%5CCluster.AuroraScript%24&address={};https://wlnk.statmap.co.uk/map/Cluster.svc/getpage?script=\Cluster\Cluster.AuroraScript$&taskId=bins&format=js&updateOnly=true&query=x%3D{address_x}%3By%3D{address_y}%3Bid%3D{address_id},https://www.west-lindsey.gov.uk/bins-waste-recycling/find-your-bin-collection-day,DN214SD,DN213EJ,DN418SB
West Lothian Council,,https://www.westlothian.gov.uk/bins,EH530RS,ML7 5SY,EH483NE
West Northamptonshire Council,https://api.westnorthants.digital/openapi/v1/unified-waste-collections/{user_uprn},https://www.westnorthants.gov.uk/bins-recycling-and-street-cleaning/bin-collection-day,NN5 4WY,MK196EH,NN113BA
West Oxfordshire District Council,,https://www.westoxon.gov.uk/report/,OX6 3QY,OX201AZ,OX8 4QZ
West Suffolk District Council,https://maps.westsuffolk.gov.uk/MyWestSuffolk.aspx?action=SetAddress&UniqueId={user_uprn},https://www.westsuffolk.gov.uk/bins/newbincollectiondays.cfm,IP295NB,IP288GQ,CB8 7JX
Wigan Metropolitan Borough Council,,https://apps.wigan.gov.uk/MyNeighbourhood/,WA3 1BS,WA3 1EZ,WN7 3AG
Wiltshire Council,,https://ilambassadorformsprod.azurewebsites.net/wastecollectiondays/index,BA3 6HF,SN130LL,SP2 7SR
Winchester City Council,,http://www.winchester.gov.uk/bins,PO7 6NW,SO225SH,SO233DU
Wirral Council,https://ww3.wirral.gov.uk//recycling/detailContentDru7.asp?s={street}&t={suburb}&c={waste},https://www.wirral.gov.uk/bins-and-recycling/bin-collection-dates,L46 6AX,CH457WA,L46 7SF
Woking Borough Council,,https://www.woking.gov.uk/waste-and-recycling,GU228BF,GU211ZF,GU214PH
Wokingham Borough Council,,https://www.wokingham.gov.uk/rubbish-and-recycling/collections/,RG9 3HH,RG412XZ,RG413AL
Worcester City Council,,http://selfserve.worcester.gov.uk/wccroundlookup/wcc_search.jsp,WR1 1LP,WR5 3SJ,WR3 7JE
Worthing Borough Council,,https://www.adur-worthing.gov.uk/bin-day/,BN112EL,BN111SN,BN126JR
Wrexham County Borough Council,,https://www.wrexham.gov.uk/services/bins-and-recycling,LL120BS,LL114YP,LL115BP
Wychavon District Council,,http://www.wychavon.gov.uk/refuse,WR112RZ,WR9 1BB,WR103NX
Wyre Council,https://www.wyre.gov.uk/bincollections?uprn={user_uprn},https://www.wyre.gov.uk/bins,FY5 3BB,FY7 6NA,FY5 2NH
Wyre Forest District Council,,http://www.wyreforest.gov.uk/wfdcbins.asp,DY103XG,DY101NY,DY117SZ