Authority Name,URL,postcode
Hart District Council,https://www.hart.gov.uk/your-area,GU10 5BD
Basildon Borough Council,http://www3.basildon.gov.uk/website2/postcodes.nsf/frmMyBasildon?openform,CM11 1AH
Malvern Hills District Council,http://swict.malvernhills.gov.uk/mhdcroundlookup/,DY13 0RF
Swindon Borough Council,http://www.swindon.gov.uk/householdwaste,SN1 1DP
Medway Council,https://www.medway.gov.uk/info/200132/waste_and_recycling,ME1 1AE
"Newry, Mourne and Down District Council",http://www.newrymournedown.org/bin-collection-information-and-calendar,BT24 7AF
Ashford Borough Council,http://www.ashford.gov.uk/waste,CT4 8AL
Eastleigh Borough Council,https://www.eastleigh.gov.uk/waste-bins-and-recycling,SO18 3AF
Runnymede Borough Council,https://www.runnymede.gov.uk/article/15324/Check-your-bin-day,GU25 4AF
Stroud District Council,https://www.stroud.gov.uk/environment/bins-rubbish-recycling,GL10 2AA
Slough Borough Council,https://www.slough.gov.uk/bins-waste-recycling/what-goes-in-bins,SL1 1AG
Bath and North East Somerset Council,https://www.bathnes.gov.uk/rubbish-and-recycling,BA1 1AR
Welwyn Hatfield Council,https://www.welhat.gov.uk/rubbish-recycling/check-bin-collection-day,AL10 0AB
East Lindsey District Council,https://www.e-lindsey.gov.uk/mywastecollections,DN36 5AB
North West Leicestershire District Council,http://www.nwleics.gov.uk/countyservice_details/home.asp?PID=524,DE11 7BY
London Borough of Islington,https://www.islington.gov.uk/recycling-and-rubbish/recycling-and-rubbish-collections/recycling-and-rubbish-collection-times,EC1A 4JE
Havant Borough Council,http://www.havant.gov.uk/rubbish-and-recycling,PO10 7DN
Huntingdonshire District Council,http://applications.huntingdonshire.gov.uk/applications/RefuseCalendarMVC,PE19 1AJ
Fareham Borough Council,https://www.fareham.gov.uk/waste_collection_and_recycling/bincalendar.aspx,PO14 1AB
Epsom and Ewell Borough Council,https://www.epsom-ewell.gov.uk/residents/recycling-and-waste,KT17 1AH
Carmarthenshire County Council,https://www.carmarthenshire.gov.wales/home/council-services/recycling-bins-and-litter/recycling-bin-collections/#.WwVmKdMvxTY,SA14 6AE
Staffordshire Moorlands District Council,https://www.staffsmoorlands.gov.uk/sm/bins,DE6 2AF
Canterbury City Council,https://www.canterbury.gov.uk/bin-collections,CT1 1AL
Broxtowe Borough Council,https://www.broxtowe.gov.uk/for-you/waste-and-recycling/,NG16 1AE
Doncaster Metropolitan Borough Council,http://www.doncaster.gov.uk/services/bins-recycling-waste,DN1 1DD
Cambridge City Council,https://www.cambridge.gov.uk/check-when-your-bin-will-be-emptied,CB1 1BB
Tewkesbury Borough Council,https://www.tewkesbury.gov.uk/waste-and-recycling?rq=bin%20collection,GL19 4AG
Torfaen County Borough Council,http://www.torfaen.gov.uk/en/RubbishAndRecycling/Householdwaste-rubbishcollections/Bin-Collection-Days.aspx,NP18 1GJ
Glasgow City Council,https://www.glasgow.gov.uk/index.aspx?articleid=16567,
Rochford District Council,https://www.rochford.gov.uk/environment/recycling/bins-and-collections,SS11 8SX
Blaby District Council,http://my.blaby.gov.uk/collections,LE10 3PB
North Devon Council,http://www.northdevon.gov.uk/bins-and-recycling/collection-dates/,EX16 8AA
Borough Council of Kings Lynn and West Norfolk,https://www.west-norfolk.gov.uk/info/20174/bins_and_recycling_collection_dates,IP26 4AB
East Suffolk District Council,https://my.eastsuffolk.gov.uk/service/Bin_collection_dates_finder,IP10 0AA
South Staffordshire Council,https://www.sstaffs.gov.uk/bins-recycling/index.cfm,DY3 4AN
Stratford-on-Avon District Council,https://www.stratford.gov.uk/waste-recycling/help-with-your-collection.cfm,B49 5AE
Gwynedd Council,https://www.gwynedd.llyw.cymru/en/Residents/Bins-and-recycling/When-is-my-waste-collected.aspx,LL21 0HG
Rother District Council,http://www.rother.gov.uk/whenismybinday,BN24 6PR
Torridge District Council,https://www.torridge.gov.uk/forms/firmstep/wastecalendar.html,EX18 7QE
Wigan Metropolitan Borough Council,https://apps.wigan.gov.uk/MyNeighbourhood/,M28 1AF
Gosport Borough Council,https://www.gosport.gov.uk/refusecollections,PO12 1AG
Bridgend County Borough Council,https://www.bridgend.gov.uk/residents/recycling-waste-and-environment/refuse-collections/,CF31 1DE
Erewash Borough Council,https://map.erewash.gov.uk/isharelive.web/myerewash.aspx,DE21 5AR
Wokingham Borough Council,https://www.wokingham.gov.uk/rubbish-and-recycling/collections/,RG10 0AE
London Borough of Sutton,https://www.sutton.gov.uk/info/200449/waste_and_recycling/1578/when_are_my_bins_collected,CR0 4FA
Pembrokeshire County Council,https://www.pembrokeshire.gov.uk/waste-and-recycling,SA34 0NL
Denbighshire County Council,https://www.denbighshire.gov.uk/en/bins-and-recycling/bins-recycling.aspx,CH7 4BR
Orkney Islands Council,http://www.orkney.gov.uk/Service-Directory/R/rubbish-and-recycling.htm,KW15 1AY
City of London Corporation,http://www.cityoflondon.gov.uk/services/environment-and-planning/waste-and-recycling/household-waste-and-recycling/Pages/household-recycling.aspx,E1 7EA
Harborough District Council,http://www.harborough.gov.uk/collections,LE15 8DH
Herefordshire Council,https://www.herefordshire.gov.uk/environmental-protection/waste-management/refuse-household-bin-collection,GL17 0LS
Powys County Council,http://www.powys.gov.uk/en/bins-rubbish-recycling/report-a-bin-collection-problem/,CF44 9JE
Ceredigion County Council,https://www.ceredigion.gov.uk/English/Resident/Bins-Recycling/Recycling-Bin-Collection-Dates/Pages/default.aspx,SA38 9EH
Wiltshire Council,https://ilambassadorformsprod.azurewebsites.net/wastecollectiondays/index,BA12 0AB
Mid Devon District Council,https://www.middevon.gov.uk/residents/recycling-rubbish/check-collection-dates/,EX15 1AH
City of Wolverhampton Council,http://www.wolverhampton.gov.uk/bincollections,WV1 1QF
North Lincolnshire Council,https://www.northlincs.gov.uk/bins-waste-and-recycling/collection-dates/,DN15 0BE
Castle Point Borough Council,http://www.castlepoint.gov.uk/main.cfm?MenuId=11462,SS6 7TR
Wakefield Metropolitan District Council,http://www.wakefield.gov.uk/site/where-i-live,LS26 9DN
Worcester City Council,http://selfserve.worcester.gov.uk/wccroundlookup/wcc_search.jsp,WR1 1AE
West Lindsey District Council,https://www.west-lindsey.gov.uk/bins-waste-recycling/find-your-bin-collection-day,DN20 9FQ
West Berkshire Council,https://www.westberks.gov.uk/rubbishandrecyclingcollections,OX12 9NJ
East Riding of Yorkshire Council,https://www.eastriding.gov.uk/environment/bins-rubbish-recycling/bins-and-collections/bin-collection-dates/,DN14 0AE
North Warwickshire Borough Council,https://www.northwarks.gov.uk/info/20004/waste_and_recycling,B46 1AD
Buckinghamshire Council,https://www.buckinghamshire.gov.uk/waste-and-recycling/household-bins-and-recycling/,HP10 0AA
Mid Sussex District Council,https://www.midsussex.gov.uk/waste-recycling/household-rubbish/,BN45 7AQ
East Cambridgeshire District Council,https://eastcambs-self.achieveservice.com/bincollections,CB25 0AA
Halton Borough Council,https://webapp.halton.gov.uk/PublicWebForms/WasteServiceSearch.aspx,L24 4BA
Shropshire Council,https://www.shropshire.gov.uk/recycling-and-rubbish/what-to-do-with/your-collection-service/,CW3 9RJ
North Hertfordshire District Council,https://www.north-herts.gov.uk/home/waste-and-recycling,AL4 8LJ
London Borough of Croydon,http://www.croydon.gov.uk/environment/rrandw/,CR0 0AB
Manchester City Council,http://www.manchester.gov.uk/bincollections,M1 1AL
Gloucester City Council,https://www.gloucester.gov.uk/environment-waste-recycling/waste-recycling-street-cleaning/bins-recycling/,GL1 1GA
North Tyneside Council,https://my.northtyneside.gov.uk/category/80/rubbish-and-recycling,NE12 5AB
Cherwell District Council,https://www.cherwell.gov.uk/info/10/rubbish-and-recycling,MK18 4AS
Boston Borough Council,https://www.mybostonuk.com/find-your-bin-day/,LN4 4QB
Darlington Borough Council,http://www.darlington.gov.uk/environment-and-planning/street-scene/revised-weekly-collection-lookup/,DL1 1AG
Three Rivers District Council,http://www.threerivers.gov.uk/Default.aspx/Web/GreenBins,HA6 2AR
Southampton City Council,https://www.southampton.gov.uk/bins-recycling/bins/,SO14 0AA
Bolsover District Council,https://www.bolsover.gov.uk/index.php?option=com_content&view=article&id=139,DE55 2AB
Sevenoaks District Council,https://selfservice.sevenoaks.gov.uk/do-it-online/ufsmain?formid=REFUSE_COLLECTIONS&ebz=1_1505134748062&ebd=0&ebz=1_1505134748062,BR8 7AD
Spelthorne Borough Council,https://www.spelthorne.gov.uk/rubbish,KT16 8LD
Sandwell Metropolitan Borough Council,http://www.sandwell.gov.uk/info/200160/bins_and_recycling,B16 0NA
Rochdale Metropolitan Borough Council,https://www.rochdale.gov.uk/bins,BL9 7HN
Central Bedfordshire Council,http://www.centralbedfordshire.gov.uk/waste/bins/collection-day.aspx,LU1 4AH
London Borough of Newham,https://www.newham.gov.uk/Pages/Services/Recycling-household-collections.aspx,E12 5AD
Stevenage Borough Council,http://www.stevenage.gov.uk/recycling-and-waste/refuse-recycling-collections/,SG1 1AP
Surrey Heath Borough Council,http://www.surreyheath.gov.uk/node/53,GU12 5RJ
Melton Borough Council,http://www.melton.gov.uk/info/524/bin_collection_dates_and_times,LE13 0AA
Lewes District Council,https://www.lewes-eastbourne.gov.uk/article/1163/Household-waste-collection-service,BN10 7AE
Stoke-on-Trent City Council,https://www.stoke.gov.uk/homepage/121/bin_day_calendar_view,ST1 2DJ
Conwy County Borough Council,http://www.conwy.gov.uk/en/Resident/Recycling-and-Waste/Recycling-and-Waste.aspx,LL16 5HT
City of York Council,https://www.york.gov.uk/WasteCollectionCalendar,YO1 6DB
Gedling Borough Council,https://www.gedling.gov.uk/rubbish/,NG14 5AZ
Stockport Metropolitan Borough Council,https://www.stockport.gov.uk/topic/bins-and-recycling,M19 1TL
South Ribble Borough Council,http://www.southribble.gov.uk/,BB2 7PU
Oxford City Council,https://www.oxford.gov.uk/mybinday,OX1 1EB
Bassetlaw District Council,https://www.bassetlaw.gov.uk/recycling-and-waste/bin-collection-days,DN10 4AP
Shetland Islands Council,http://www.shetland.gov.uk/rubbish-recycling/rubbish-collection.asp,ZE1 0AT
London Borough of Enfield,https://new.enfield.gov.uk/services/rubbish-and-recycling/household-collections/rubbish-and-recycling-collections/,EN1 1BB
West Devon Borough Council,https://www.westdevon.gov.uk/article/4526/Find-your-Recycling-Waste-collection-day,EX17 5AL
West Northamptonshire Council,https://www.westnorthants.gov.uk/bins-recycling-and-street-cleaning/bin-collection-day,CV23 8AN
Tandridge District Council,https://www.tandridge.gov.uk/Recycling-and-rubbish/Has-your-bin-been-missed,CR3 0AA
London Borough of Bexley,https://www.bexley.gov.uk/services/rubbish-and-recycling,DA1 3NS
Bracknell Forest Council,https://www.bracknell-forest.gov.uk/bins-and-recycling/find-your-collection-day,GU15 4PA
Wrexham County Borough Council,https://www.wrexham.gov.uk/services/bins-and-recycling,LL11 1AB
Cheltenham Borough Council,http://www.cheltenham.gov.uk/recycling,GL50 1DZ
Barnsley Metropolitan Borough Council,https://www.barnsley.gov.uk/pid524,DN5 7HR
North Kesteven District Council,https://www.n-kesteven.gov.uk/residents/waste-recycling-and-environment/find-information-about-the-waste-service/find-your-bin-collection-days/,LN10 6XY
Rossendale Borough Council,https://www.rossendale.gov.uk/info/210192/find_your_bin_collection_day,BB4 4AT
Cornwall Council,http://www.cornwall.gov.uk/my-area,EX22 6RL
Salford City Council,https://www.salford.gov.uk/bins,M27 0AU
Warrington Borough Council,https://www.warrington.gov.uk/your-next-bin-collection-day,WA1 1NB
Elmbridge Borough Council,https://www.elmbridge.gov.uk/waste-and-recycling/missed-bins/,KT10 0AA
"Bournemouth, Christchurch and Poole Council",https://www.bcpcouncil.gov.uk/bins-waste-and-recycling/household-bins,BH1 1AR
Wychavon District Council,http://www.wychavon.gov.uk/refuse,B49 5JS
Leicester City Council,http://www.leicester.gov.uk/your-environment/recycling-and-waste/household-waste-collections,LE1 1FB
Adur District Council,https://www.adur-worthing.gov.uk/bin-day/,BN15 0AB
North Somerset Council,http://www.n-somerset.gov.uk/my-services/waste/rubbish-collections/collection-days-from-june-2018/,BS20 0BD
Mid Suffolk District Council,http://www.midsuffolk.gov.uk/waste-services/collection-days/,IP13 7EE
High Peak Borough Council,http://www.highpeak.gov.uk/hp/bins,S33 0AG
Solihull Metropolitan Borough Council,https://www.solihull.gov.uk/Rubbish-and-recycling/Recycling-collections,B26 1JS
Dartford Borough Council,http://www.dartford.gov.uk/refuse,DA1 1AN
City of Bradford Metropolitan District Council,https://www.bradford.gov.uk/recycling-and-waste/bin-collections/check-your-bin-collection-dates/,BD1 1JB
London Borough of Hammersmith & Fulham,https://www.lbhf.gov.uk/recycling-and-rubbish/rubbish-non-recyclables,NW10 5BD
North Yorkshire Council,https://www.northyorks.gov.uk/bins-recycling-and-waste/check-your-bin-collection-day,
Liverpool City Council,http://liverpool.gov.uk/bins-and-recycling/bin-collection-dates/,L1 0AB
City of Edinburgh Council,http://www.edinburgh.gov.uk/recycling,EH1 1DF
Dover District Council,http://www.dover.gov.uk/recycling,CT13 0AB
North Norfolk District Council,http://www.northnorfolk.org/bincollection/,NR10 5AP
Monmouthshire County Council,http://www.monmouthshire.gov.uk/home/streets-parking-and-transport/recycling-and-waste/,NP15 1AB
Forest of Dean District Council,https://www.fdean.gov.uk/residents/bins-recycling/,GL14 1AA
Reigate and Banstead Borough Council,http://www.reigate-banstead.gov.uk/environment/recycling_rubbish_and_waste/proposals/index.asp,CR5 1LT
Hartlepool Borough Council,https://www.hartlepool.gov.uk/bincalendars,TS22 5BF
Causeway Coast and Glens Borough Council,https://www.causewaycoastandglens.gov.uk/live/bins-and-recycling/recycling/blue-bin-recycling-calendars-1,BT44 0AX
South Lanarkshire Council,http://www.southlanarkshire.gov.uk/info/200156/bins_and_recycling/1670/bin_collections,EH55 8LH
London Borough of Redbridge,https://www.redbridge.gov.uk/bins-waste-and-recycling/,E11 1PB
Newport City Council,http://www.newport.gov.uk/en/Waste-Recycling/Bin-collection-days.aspx,CF3 2AY
Milton Keynes City Council,https://www.milton-keynes.gov.uk/waste-recycling/collection-days,MK1 1BH
Crawley Borough Council,https://crawley.gov.uk/waste-and-recycling/household-collections/collection-days,RH10 1AE
Antrim and Newtownabbey Borough Council,http://www.antrimandnewtownabbey.gov.uk/Residents/Waste-Recycling/Antrim-Bin-Checker,BT29 4FF
Cheshire East Council,http://online.cheshireeast.gov.uk/MyCollectionDay/,CW1 2AL
London Borough of Wandsworth,http://www.wandsworth.gov.uk/info/200489/rubbish_and_recycling,SW11 1AD
East Staffordshire Borough Council,http://www.eaststaffsbc.gov.uk/bins-rubbish-recycling/collection-dates,DE13 0AD
Exeter City Council,http://www.exeter.gov.uk/index.aspx?articleid=10184,EX1 1BW
Derbyshire Dales District Council,http://www.derbyshiredales.gov.uk/environment-and-waste/bins-recycling/when-is-my-collection,DE4 2AA
Test Valley Borough Council,http://www.testvalley.gov.uk/,SO16 0AP
Chichester District Council,http://www.chichester.gov.uk/wastecollectioncalendar,GU27 3BN
Amber Valley Borough Council,https://www.ambervalley.gov.uk/rubbish-waste-and-recycling,DE21 5BH
London Borough of Havering,https://www.havering.gov.uk/info/20003/rubbish_and_recycling,RM1 1AF
Isle of Anglesey County Council,https://www.anglesey.gov.uk/en/Residents/Bins-and-recycling/Household-waste-collection-on-Anglesey.aspx,LL58 8AB
Redcar and Cleveland Borough Council,https://www.redcar-cleveland.gov.uk/resident/bins-waste-and-recycling/Pages/bins-waste-and-recycling.aspx,TS10 1AT
Bury Metropolitan Borough Council,http://www.bury.gov.uk/index.aspx?articleid=10493,BL0 0AT
Fermanagh and Omagh District Council,http://www.fermanaghomagh.com/residential-services/environment-and-waste/waste-collection-calendar/,BT70 2EH
Pendle Borough Council,https://www.pendle.gov.uk/info/20001/bins_and_recycling,BB10 2AQ
Rutland County Council,https://www.rutland.gov.uk/my-services/waste-and-recycling/,LE15 6AF
Maidstone Borough Council,https://maidstone.gov.uk/home/primary-services/bins-and-recycling,ME14 1BG
London Borough of Tower Hamlets,http://www.towerhamlets.gov.uk/lgnl/environment_and_planning/recycling_and_waste/recycling_and_waste.aspx,E1 0AU
Trafford Metropolitan Borough Council,http://www.trafford.gov.uk/bincollections/,M15 4AD
South Gloucestershire Council,https://beta.southglos.gov.uk/waste-and-recycling-collection-dates/,BS10 6SW
Horsham District Council,https://satellite.horsham.gov.uk/environment/refuse/refuse_cal1.asp,BN18 9ND
Reading Borough Council,https://www.reading.gov.uk/bin-calendar/,RG1 1EQ
Redditch Borough Council,http://www.redditchbc.gov.uk/my-place/bins-and-recycling/what-is-my-bin-collection-day.aspx,B96 6BW
City of Cardiff Council,http://www.cardiff.gov.uk/ENG/resident/Rubbish-and-recycling/When-are-my-bins-collected/Pages/default.aspx,CF10 1BL
East Ayrshire Council,https://www.east-ayrshire.gov.uk/Housing/RubbishAndRecycling/Rubbishandrecycling.aspx,KA1 1AE
Folkestone and Hythe District Council,http://www.folkestone-hythe.gov.uk/recycling-waste-and-bins,CT18 7AA
East Renfrewshire Council,http://www.eastrenfrewshire.gov.uk/article/1555/When-is-my-bin-emptied,G44 3EN
Walsall Metropolitan Borough Council,https://go.walsall.gov.uk/bins/check_your_bin_collection_dates,B43 7BL
Great Yarmouth Borough Council,http://www.great-yarmouth.gov.uk/rubbish-and-recycling,NR29 3AJ
Lisburn and Castlereagh City Council,https://www.lisburncastlereagh.gov.uk/resident/bins-recycling/when-is-my-bin-collection-day,BT16 1AH
Basingstoke and Deane Borough Council,http://www.basingstoke.gov.uk/bincollections,GU34 4DL
Woking Borough Council,https://www.woking.gov.uk/waste-and-recycling,GU21 2AA
Renfrewshire Council,http://www.renfrewshire.gov.uk/checkyourbincollectionday,PA1 1EB
London Borough of Barnet,http://www.barnet.gov.uk/household-waste,EN4 8AD
Cheshire West and Chester Council,http://www.cheshirewestandchester.gov.uk/default.aspx?page=13582,CH1 1AB
Coventry City Council,https://www.coventry.gov.uk/rubbish-recycling/household-bins,CV1 1GF
Lancaster City Council,http://www.lancaster.gov.uk/bins-recycling/bin-collection-calendar,LA1 1AD
Newcastle City Council,https://community2.newcastle.gov.uk/my-neighbourhood/,NE1 1NA
Colchester Borough Council,https://www.colchester.gov.uk/check-my-collection-day/#ValidationSummaryEntityFormView,CM9 8HL
Chesterfield Borough Council,http://www.chesterfield.gov.uk/Bin-Collection-Dates-952.html,S40 1BP
Perth and Kinross Council,http://www.pkc.gov.uk/bindates,
Stafford Borough Council,https://www.staffordbc.gov.uk/binday,ST11 9HL
Wyre Council,https://www.wyre.gov.uk/bins,FY3 0AF
Torbay Council,http://www.torbay.gov.uk/waste,TQ1 1BG
South Ayrshire Council,http://www.south-ayrshire.gov.uk/bin-day/,KA1 5PW
East Hertfordshire District Council,https://www.eastherts.gov.uk/bins-waste-recycling,AL6 0FD
Gateshead Metropolitan Borough Council,https://www.gateshead.gov.uk/article/1785/Bins-and-recycling,DH3 1AH
Teignbridge District Council,http://www.teignbridge.gov.uk/bins,EX2 9QN
City of Westminster,http://cleanstreets.westminster.gov.uk/,NW1 4PT
Rugby Borough Council,https://www.rugby.gov.uk/binday,CV11 6QP
New Forest District Council,https://www.newforest.gov.uk/rubbish,BH23 7AZ
Peterborough City Council,https://www.peterborough.gov.uk/residents/rubbish-and-recycling/bins/,PE1 1ES
Plymouth City Council,https://www.plymouth.gov.uk/bins-recycling-and-waste,PL1 1SL
North Ayrshire Council,https://www.north-ayrshire.gov.uk/bins-litter-and-recycling/bins/bin-collection-day.aspx,KA11 1AJ
Brighton and Hove City Council,https://www.brighton-hove.gov.uk/node/321871,BN1 1AL
Rushcliffe Borough Council,https://eserv.rushcliffe.gov.uk/onlineservices/binrounds/,LE12 5EQ
Chelmsford City Council,https://www.chelmsford.gov.uk/bins-and-recycling/check-your-collection-day/,CM1 1AE
Tamworth Borough Council,https://www.tamworth.gov.uk/bins,B77 1AE
Mole Valley District Council,https://www.molevalley.gov.uk/home/bins-recycling,KT18 6EH
Caerphilly County Borough Council,http://www.caerphilly.gov.uk/site.aspx?s=ZIyINmF1JYMpiIuezYGXDQ==,CF3 6AA
London Borough of Hackney,https://hackney.gov.uk/rubbish,E2 7JQ
Aberdeenshire Council,https://online.aberdeenshire.gov.uk/Apps/Waste-Collections/,AB12 4AB
Southend-on-Sea City Council,https://www.southend.gov.uk/info/200327/rubbish_and_recycling/223/collection_days_delivery_dates_and_getting_additional_sacks,SS0 0AA
Cotswold District Council,https://www.cotswold.gov.uk/bins-and-recycling/check-your-collection-day/,GL4 8JH
Ribble Valley Borough Council,https://www.ribblevalley.gov.uk/directory/15/find_your_bin_collection_day/search,BB1 8QU
East Devon District Council,http://eastdevon.gov.uk/recycling-and-rubbish/when-is-my-bin-collected/,DT7 3RN
Lichfield District Council,https://www.lichfielddc.gov.uk/Residents/Environment/Recycling-bins-and-waste/Recycling-bins-and-waste.aspx,B74 3AE
Sefton Metropolitan Borough Council,http://www.sefton.gov.uk/1821,L10 1NB
Blaenau Gwent County Borough Council,https://www.blaenau-gwent.gov.uk/en/resident/waste-recycling/,NP11 5DZ
Stockton-on-Tees Borough Council,https://www.stockton.gov.uk/bins-rubbish-and-recycling,TS15 9AD
Burnley Borough Council,https://www.burnley.gov.uk/residents/streetscene/recycling-and-waste,BB10 1AL
Hertsmere Borough Council,https://www.hertsmere.gov.uk/Environment-Refuse--Recycling/Recycling--Waste/Recycling-and-Waste.aspx,EN6 1AF
Middlesbrough Borough Council,https://www.middlesbrough.gov.uk/recycling-and-rubbish,TS1 1JY
North East Lincolnshire Council,https://www.nelincs.gov.uk/refuse-collection-schedule/,DN31 1PT
London Borough of Lewisham,http://www.lewisham.gov.uk/myservices/wasterecycle/your-bins/collection/Pages/default.aspx,BR1 4BY
London Borough of Haringey,https://www.haringey.gov.uk/environment-and-waste/refuse-and-recycling/bin-collections/collection-days,N10 1AF
Dacorum Borough Council,http://www.dacorum.gov.uk/home/environment-street-care/recycling-refuse-waste/household-waste-recycling/your-waste-collection-calendar,AL3 8DJ
Bolton Metropolitan Borough Council,https://www.bolton.gov.uk/next-bin-collection,BL1 1AT
Flintshire County Council,http://www.flintshire.gov.uk/en/Resident/Bins-Recycling-and-Waste/Check-your-bin-day.aspx,CH1 6HB
South Derbyshire District Council,https://www.southderbyshire.gov.uk/our-services/recycling-bins-and-waste/bin-collection-dates,DE11 0AW
Oldham Metropolitan Borough Council,https://adt.oldham.gov.uk/Forms/bincollectiondates/details,M24 2TE
Argyll and Bute Council,https://www.argyll-bute.gov.uk/planning-and-environment/bin-collection,G82 5EW
Dumfries and Galloway Council,https://www.dumgal.gov.uk/article/21418/Kerbside-Waste-and-Recycling-Service,DG1 1EA
Dorset Council,https://www.dorsetcouncil.gov.uk/bins-recycling-and-litter/bins-recycling-and-litter,BH16 5DY
Durham County Council,http://www.durham.gov.uk/bincollections,DH1 1AD
Charnwood Borough Council,http://my.charnwood.gov.uk/recycling,LE11 1AN
North East Derbyshire District Council,https://www.ne-derbyshire.gov.uk/bins-and-recycling/bin-collection-dates,DE55 6AA
London Borough of Waltham Forest,https://www.walthamforest.gov.uk/rubbish-and-recycling/household-bin-collections/check-your-collection-days,E10 5BS
Belfast City Council,http://www.belfastcity.gov.uk/bins-recycling/bins/bincollections.aspx,BT1 2JH
Ashfield District Council,https://www.ashfield.gov.uk/residents/waste-and-recycling/,DE55 4PB
City and County of Swansea Council,https://www.swansea.gov.uk/recycling,SA1 1AU
Chorley Council,https://myaccount.chorley.gov.uk/MyChorley.aspx,BL6 5HL
Hinckley and Bosworth Borough Council,https://www.hinckley-bosworth.gov.uk/collections,CV13 0BZ
The Moray Council,http://bindayfinder.moray.gov.uk/,AB37 9AB
Council of the Isles of Scilly,http://www.scilly.gov.uk/waste,TR21 0HY
London Borough of Brent,https://www.brent.gov.uk/recycling,HA0 1AE
Mansfield District Council,https://www.mansfield.gov.uk/bins-recycling,NG17 4NZ
Maldon District Council,http://www.maldon.gov.uk/info/200084/recycling_rubbish_and_waste,CM0 7AB
Uttlesford District Council,http://bins.uttlesford.gov.uk/,CB10 1AA
Epping Forest District Council,https://www.eppingforestdc.gov.uk/recycling-and-rubbish/,CM16 4DY
Rhondda Cynon Taf County Borough Council,http://www.rctcbc.gov.uk/EN/Resident/BinsandRecycling/BinCollectionDays.aspx,CF15 7AS
Broadland District Council,https://www.southnorfolkandbroadland.gov.uk/rubbish/find-bin-collection-day,NR10 3AD
Guildford Borough Council,http://www.guildford.gov.uk/yourguildford,GU1 1BT
Borough of Broxbourne,https://ex.broxbourne.gov.uk/resident-recycling-and-waste-recycling/collection-dates-and-recycling-centres,EN10 6AT
East Dunbartonshire Council,https://www.eastdunbarton.gov.uk/residents/recycling-waste/bins-and-recycling,G61 1AJ
Midlothian Council,https://www.midlothian.gov.uk/info/1054/bins_and_recycling/343/bin_collections,EH10 7DX
Sunderland City Council,http://www.sunderland.gov.uk/bindays,DH4 4AZ
Luton Borough Council,https://m.luton.gov.uk/Page/Show/Environment/Rubbish_waste_and_recycling/Pages/Bin-collection.aspx,LU1 1AR
Rotherham Metropolitan Borough Council,https://www.rotherham.gov.uk/rubbish-recycling/bin-collections,S13 9XQ
Hull City Council,https://www.hull.gov.uk/household-collections ,HU1 1HA
Thurrock Council,https://www.thurrock.gov.uk/wheeled-bin-collection-days,RM14 3RX
Clackmannanshire Council,http://www.clacks.gov.uk/environment/wastecollection/,FK10 1AH
Fenland District Council,http://www.fenland.gov.uk/findyournearest,PE13 1HL
City of Lincoln Council,https://www.lincoln.gov.uk/bins-recycling,LN1 1AB
Dudley Metropolitan Borough Council,http://www.dudley.gov.uk/resident/bins-recycling/,B62 0AA
London Borough of Ealing,https://www.ealing.gov.uk/info/201167/rubbish_and_recycling/2015/find_your_rubbish_and_recycling_collection_day,HA0 1BS
London Borough of Southwark,http://www.southwark.gov.uk/bins/lookup,SE1 0AD
Brentwood Borough Council,http://www.brentwood.gov.uk/index.php?cid=2715,CM13 1AG
St Albans City and District Council,https://www.stalbans.gov.uk/rubbish-collections,AL1 1AJ
Tendring District Council,https://www.tendringdc.gov.uk/recycling-rubbish/check/rubbish-recycling-collection-days,CO11 1AL
London Borough of Hillingdon,https://www.hillingdon.gov.uk/rubbishandrecycling,HA4 0AS
Tonbridge and Malling Borough Council,https://www.tmbc.gov.uk/bins-waste,ME1 3FJ
Preston City Council,https://www.preston.gov.uk/bins,PR1 1ED
Northumberland County Council,https://www.northumberland.gov.uk/Waste/Bins.aspx#howtoreportamissedbincollection,CA8 7DL
Falkirk Council,http://www.falkirk.gov.uk/services/bins-rubbish-recycling/household-waste/bin-collection-dates.aspx,EH49 6JP
St Helens Council,https://secure.sthelens.net/website/CollectionDates.nsf/servlet.xsp/CollectionDatesMenu,L34 2QB
Portsmouth City Council,https://www.portsmouth.gov.uk/ext/bins-rubbish-and-recycling/bins-rubbish-and-recycling.aspx,PO1 1ED
Stirling Council,https://my.stirling.gov.uk/bins-waste-recycling/,FK15 0AR
Aberdeen City Council,https://integration.aberdeencity.gov.uk/service/Household_Waste_collection_Calendar,AB10 1QH
Ards and North Down Borough Council,http://www.ardsandnorthdown.gov.uk/resident/bins-and-recycling/bin-collection-dates,BT18 0AE
Leeds City Council,http://www.leeds.gov.uk/residents/Pages/Check-your-bin-day.aspx,BD11 1AD
Bristol City Council,http://www.bristol.gov.uk/bins,BS1 1DB
Harlow Council,https://selfserve.harlow.gov.uk/,CM17 0AD
Royal Borough of Kensington and Chelsea,https://www.rbkc.gov.uk/bins-and-recycling,SW10 0AF
London Borough of Harrow,https://www.harrow.gov.uk/bins,HA1 1AR
Fife Council,https://www.fife.gov.uk/kb/docs/articles/bins-and-recycling/household-recycling,
Hastings Borough Council,https://www.hastings.gov.uk/environment_planning/cleaner_hastings/waste_recycle/,TN34 1DT
Dundee City Council,https://my.dundeecity.gov.uk/en/service/Bin_Collection_Calendar,DD1 1EX
Watford Borough Council,https://watfordbc-self.achieveservice.com/en/service/Bin_collections,WD17 1BN
Mid and East Antrim Borough Council,https://www.midandeastantrim.gov.uk/resident/waste-recycling/collection-dates,BT38 7BA
Vale of White Horse District Council,https://www.whitehorsedc.gov.uk/waste,OX1 5AS
North Northamptonshire Council,https://www.northnorthants.gov.uk/bins-recycling-and-street-cleaning/bin-collection-day,LE16 8HF
Derry City and Strabane District Council,https://www.derrystrabane.com/recycling,BT47 2AF
Newark and Sherwood District Council,https://app.newark-sherwooddc.gov.uk/bincollection/,NG14 5GU
Comhairle nan Eilean Siar,https://cne-siar.gov.uk/popular-tasks/bins-and-recycling/,HS1 2AG
Blackburn with Darwen Borough Council,https://www.blackburn.gov.uk/waste-and-recycling/bins,BB1 1AF
Wirral Council,https://www.wirral.gov.uk/bins-and-recycling/bin-collection-dates,CH41 0AS
Rushmoor Borough Council,http://www.rushmoor.gov.uk/article/2061/Information-about-your-bins-and-collections,GU11 1AG
Babergh District Council,http://www.babergh.gov.uk/waste-services/collection-days/,CO10 0AB
South Cambridgeshire District Council,https://www.scambs.gov.uk/bins/,CB1 9AR
Calderdale Metropolitan Borough Council,https://www.calderdale.gov.uk/environment/waste/household-collections/collectiondayfinder.jsp,HD2 2EB
Birmingham City Council,https://www.birmingham.gov.uk/info/20009/rubbish_and_recycling,B1 1DH
Tunbridge Wells Borough Council,https://www.tunbridgewells.gov.uk/bins-and-recycling/check-your-bin-collection-day,TN1 1BQ
Tameside Metropolitan Borough Council,https://www.tameside.gov.uk/recycling,M34 2AL
Norwich City Council,http://www.norwich.gov.uk/WasteAndRecycling/Pages/HowOurServiceWorks.aspx,NR1 1BA
South Kesteven District Council,https://pre.southkesteven.gov.uk/BinSearch.aspx?articleid=8930,NG23 5AE
West Lancashire Borough Council,http://www.westlancs.gov.uk/refuse-recycling.aspx,L39 0EQ
East Hampshire District Council,http://www.easthants.gov.uk/recycling-and-waste/bin-collections,GU10 4LB
Warwick District Council,http://www.warwickdc.gov.uk/info/20478/refuse_collection,B94 6JH
Braintree District Council,https://www.braintree.gov.uk/forms/form/283/en/calendar_request_form,CB9 7AW
Nottingham City Council,http://www.nottinghamcity.gov.uk/bin-and-rubbish-collections/check-my-bin-collection-day/,NG1 1AN
Hyndburn Borough Council,http://ww2.hyndburnbc.gov.uk/ListAccounts.aspx,BB1 2BY
Sheffield City Council,https://www.veolia.co.uk/sheffield/collections/collection-day-finder,S1 1AD
Vale of Glamorgan Council,https://www.valeofglamorgan.gov.uk/,CF32 0PB
Scottish Borders Council,https://www.scotborders.gov.uk/info/20001/bins_rubbish_and_recycling/182/bin_collection_days,EH26 9NF
West Lothian Council,https://www.westlothian.gov.uk/bins,EH27 8AD
London Borough of Hounslow,https://www.hounslow.gov.uk/homepage/86/recycling_and_waste_collection_day_finder,TW1 1AG
South Holland District Council,https://forms.sholland.gov.uk/tkflow/Flow.aspx?f=SHDC_MyCollections.kdt&template=SHDCTemplate_Web,PE11 1BF
London Borough of Camden,https://www.camden.gov.uk/check-collection-day,EC1M 3HA
Wealden District Council,https://www.wealden.gov.uk/recycling-and-waste/bin-search/,BN20 0EU
Thanet District Council,https://www.thanet.gov.uk/online-services/your-collection-day/,CT10 1AH
West Oxfordshire District Council,https://www.westoxon.gov.uk/report/,GL7 3HZ
Waverley Borough Council,https://www.waverley.gov.uk/bins,GU10 1PG
Wyre Forest District Council,http://www.wyreforest.gov.uk/wfdcbins.asp,DY10 1BQ
Bromsgrove District Council,http://www.bromsgrove.gov.uk/my-place/bins-and-recycling.aspx,B38 0AE
East Lothian Council,http://collectiondates.eastlothian.gov.uk/home.asp,EH21 6AP
Mid Ulster District Council,http://www.midulstercouncil.org/Services/Bins-Recycling,BT41 3SL
South Norfolk District Council,https://www.southnorfolkandbroadland.gov.uk/rubbish/find-bin-collection-day,IP20 0BD
London Borough of Barking and Dagenham,https://www.lbbd.gov.uk/bin-collection-days,IG11 0AB
Winchester City Council,http://www.winchester.gov.uk/bins,GU32 1JA
Knowsley Metropolitan Borough Council,http://www.knowsley.gov.uk/residents/housing.aspx,L10 0AG
Newcastle-under-Lyme District Council,http://www.newcastle-staffs.gov.uk/all-services/recycling-and-waste/collection-date-finder,CW3 9AB
Blackpool Borough Council,http://www.blackpool.gov.uk/Residents/Waste-and-recycling/Bin-collections/Bin-collections.aspx,FY1 1RT
Swale Borough Council,http://www.swale.gov.uk/my-collection-day/,ME10 1AU
West Dunbartonshire Council,http://www.west-dunbarton.gov.uk/rubbish-and-recycling/bin-collection-day/,G14 0PH
Worthing Borough Council,https://www.adur-worthing.gov.uk/bin-day/,BN11 1AH
Bedford Borough Council,https://apps.bedford.gov.uk/bcs/search.aspx,MK40 1AQ
South Hams District Council,https://www.southhams.gov.uk/recyclingwaste,PL21 0AD
The Highland Council,http://www.highland.gov.uk/info/1054/rubbish_and_recycling,IV1 1AG
Inverclyde Council,https://www.inverclyde.gov.uk/environment/recycling-and-waste-services/when-are-my-bins-collected,PA11 3NH
Oadby and Wigston Borough Council,https://www.oadby-wigston.gov.uk/pages/household_waste_collection,LE18 1AA
Royal Borough of Greenwich,http://www.royalgreenwich.gov.uk/info/200084/recycling_rubbish_and_waste/100/kerbside_collection_days,BR7 6DN
Cannock Chase District Council,http://www.cannockchasedc.gov.uk/residents/waste-collection-check-your-dates,WS11 0AE
Neath Port Talbot County Borough Council,http://www.npt.gov.uk/default.aspx?page=7263,SA1 8QE
Kirklees Council,http://www.kirklees.gov.uk/beta/your-property-bins-and-recycling.aspx,BD11 2AB
Nuneaton and Bedworth Borough Council,https://www.nuneatonandbedworth.gov.uk/info/20001/rubbish_and_recycling,CV10 0BA
Eastbourne Borough Council,https://www.lewes-eastbourne.gov.uk/article/1158/When-is-my-bin-collection-day,BN20 7AD
London Borough of Merton,http://www.merton.gov.uk/refusecollection,CR4 1AD
Gravesham Borough Council,https://www.gravesham.gov.uk/bins-recycling,DA11 0AH
Breckland Council,http://www.breckland.gov.uk/rubbish,IP22 2HL
London Borough of Richmond upon Thames,https://www.richmond.gov.uk/waste_and_recycling,KT1 4AN
Arun District Council,http://www.arun.gov.uk/main.cfm?type=REFUSECOLLECTIONSE,BN12 5BL
Royal Borough of Windsor and Maidenhead,https://www.rbwm.gov.uk/environment-and-waste/recycling-and-rubbish,RG10 0HU
Derby City,https://secure.derby.gov.uk/binday/,DE1 1AU
Royal Borough of Kingston upon Thames,http://www.kingston.gov.uk/bin_collection,KT1 1AE
London Borough of Bromley,http://www.bromley.gov.uk/downloads/download/34/waste_collection_service_calendars,BR1 1AA
"Armagh City, Banbridge and Craigavon Borough Council",https://www.armaghbanbridgecraigavon.gov.uk/resident/when-is-my-bin-day/,BT25 1AA
Angus Council,https://www.angus.gov.uk/bins_and_recycling/bin_collection_days,DD10 8AE
West Suffolk District Council,https://www.westsuffolk.gov.uk/bins/newbincollectiondays.cfm,CB7 5GL
Telford & Wrekin Council,http://www.telford.gov.uk/info/1003/bins_and_recycling/221/report_a_missed_bin_collection,SY4 4QX
South Tyneside Council,https://www.southtyneside.gov.uk/article/935/Bins-and-recycling,NE31 1AD
London Borough of Lambeth,https://www.lambeth.gov.uk/rubbish-recycling,SE1 7AH
North Lanarkshire Council,http://www.northlanarkshire.gov.uk/index.aspx?articleid=7451,
South Oxfordshire District Council,https://www.southoxon.gov.uk/waste,OX10 0BD
Isle of Wight Council,https://www.iow.gov.uk/recycling-and-waste/your-collection-services/,PO30 1AE
